connector,microphone,unit,statistic,25.0,31.5,40.0,50.0,63.0,80.0,100.0,125.0,160.0,200.0,250.0,315.0,400.0,500.0,630.0,800.0,1000.0,1250.0,1600.0,2000.0,2500.0,3150.0,4000.0,5000.0,6300.0,8000.0,10000.0,12500.0,16000.0,20000.0
1,1,dB,calibration,14.975430606368217,5.605388316727149,4.742805736898053,0.8731637345997187,3.7772892134538365,5.710206967236374,4.860296804147033,3.803502828628993,3.139893687717496,2.631058119695979,2.3127072619661817,2.1082478913958838,1.5379934843387417,1.8815067285655118,2.7003219413231463,1.3261512546922631,2.994520434309287,1.4283777818377459,3.615750482449421,4.343517894667535,4.014515077500036,-4.165379956556961,2.3780513544210393,1.8813081020117224,-3.317309468922531,-9.471372251964041,-10.089635425135008,-14.054987083122157,-25.041604808194457,-6.199232426582277
1,1,dB,uncertainty,6.474570184801483,3.9178923815112743,5.309332088694246,2.7485579149219204,2.0912686621573786,1.218040160176566,0.6073024254336898,0.19947401861357356,0.12819791103094785,0.19945513072789706,0.25689593216667883,0.2173253080227624,0.6831414529667812,0.3533758351734965,0.7536316906673648,0.5145969979783079,0.5536233599237964,0.586159198183647,0.61692836554031,0.7390885716538332,0.795168937137689,1.9138994698453726,0.6585775013832607,1.0207049199609999,1.767601957887107,1.7623454853837923,1.1430782561260633,1.1236063754734602,0.3609623560243796,0.3255770674056338
1,1,nd,calibration,5.607529026498605,1.9066431427461694,1.7263954663339687,1.1057531538084118,1.5447722550373442,1.9297913186778175,1.7499064833778848,1.54944134861858,1.4354718635674182,1.3537950006536417,1.3050746775231925,1.2747129402419746,1.1937123147372648,1.2418677138838747,1.3646337156154298,1.1649507430796506,1.4116467145925184,1.1787423551422318,1.5163083415212333,1.6488300532426787,1.587543937635755,0.6190575180267048,1.3149297997092397,1.2418393155166143,0.6825500873211523,0.33607127018080785,0.31298118371265593,0.19826709612724483,0.0559654190026294,0.48982210311132773
1,1,nd,uncertainty,4.577907779169604,0.889479291330278,1.1222293928864118,0.3557727385396482,0.37553273089063244,0.27150643014421827,0.12245015448036933,0.03558650567759436,0.0211873720762511,0.03109008994014728,0.03860482592892611,0.0318972838930478,0.0939817773269126,0.05053795642931003,0.11855113422532193,0.0690580857715638,0.09003681834922084,0.07960672422550441,0.1077886535555852,0.14046949725908098,0.14553830508404964,0.13751322848963007,0.0997955533880106,0.14626836180831515,0.13986149442669776,0.06865684597437494,0.04130786556270552,0.025719416180968777,0.002326442715799272,0.018364519591477446
2,2,dB,calibration,11.213832021417895,-3.2089972079161484,-1.7847605879882842,-8.653358969778907,-3.5018787241973435,6.576418863514057,6.101769923502232,4.811322905371497,4.118031034387187,3.621640273315542,3.2459959247196792,2.8532767689467704,1.8151891866647176,2.395874731292217,3.454833790960407,2.704248327952051,2.5192754720484203,3.087945067032031,2.5533042537915307,5.005513420071409,6.629992391319298,-4.810736265022925,0.04003208213508458,1.3926656036694283,-2.2165943531890804,-11.86946237485521,-10.334888031872303,-16.305894112531618,-22.685848541111547,-5.796217685069479
2,2,dB,uncertainty,6.836771804004439,6.434043571201191,7.723129261004893,2.5332692608588805,1.9912423813374427,1.184459082702331,0.8542254148092693,0.2741094607214621,0.20728878847941093,0.24541842726399293,0.2793755186673708,0.24347396942638852,0.6791582263367983,0.35674881946581055,0.7535483461083381,0.5102171965545339,0.5692891914605046,0.625794915739881,0.6096380934868096,0.7390283141488494,1.183308977648614,1.8620056697369494,0.5864697239068,0.6675518544650688,1.6525150600471312,1.7020318309111637,0.9908787920642587,0.8759153183307069,0.23399082757954148,0.259007744211594
2,2,nd,calibration,3.6365670641526258,0.6911147144803789,0.8142578808402547,0.3692598181792193,0.6681993730075135,2.1321656537038898,2.018777688048556,1.7400676990585264,1.6065770239459631,1.517336879527925,1.453114365511239,1.3888771677523983,1.2324220482874049,1.3176307955263726,1.4884754962440585,1.365250726770139,1.3364840299326468,1.4269122071991676,1.3417302543594167,1.7794085417870886,2.145357236521125,0.5747290994988368,1.0046195009263952,1.1739058859779987,0.7747655157411536,0.25499219138561624,0.3042675226018893,0.15300488414655156,0.0734019458397872,0.5130847607277419
2,2,nd,uncertainty,3.167242585016047,0.5600597348478893,0.8232467963350314,0.10922918816364799,0.1545301935989623,0.29165663709427925,0.19885958778226664,0.05492220279225868,0.038344606190491404,0.04287781629953791,0.04674645867971061,0.0389366819490482,0.09646251069752088,0.054133246217195286,0.12929542376589687,0.08024221864052838,0.08765835088104634,0.10289413852904006,0.09424960019032269,0.15158153815292164,0.29317438838492216,0.1241512614997208,0.06788328179614034,0.09030908322165287,0.14829216695703135,0.05028703520421281,0.03478591285925317,0.015455709481586852,0.001977628114526002,0.015302131099363653
3,3,dB,calibration,15.563173791784143,5.22283640220162,5.438112964471037,-0.6052794820318388,4.45450720958133,6.255462973100286,5.190084592020348,3.9716597394097093,3.2737351413497393,2.797365679760574,2.518506077724716,2.159871283875205,1.1373757169622678,1.8959927433352988,2.4737727763766273,2.1276866269338086,1.7346124568986596,2.0494040477564965,2.276495638575142,4.649776655216414,4.618142748119553,-5.142758835013964,-0.9999260512161641,3.2750314750410254,-4.860827050706476,-13.152573513788163,-14.15999262817892,-25.26150947325604,-15.805723225227219,-4.827290676602992
3,3,dB,uncertainty,6.830716366621283,3.718627008142808,5.576258748118919,2.5688856399757904,2.0542968959415853,1.3583546029774556,0.6020812948569234,0.196403769023104,0.12457846739036191,0.1882059364013683,0.26596089342923174,0.21935905056085447,0.6786798114919351,0.34829212213947713,0.7530925289851377,0.5121720096767769,0.5699490446436888,0.6108527446671131,0.6212779049821703,0.7415617257357416,0.9224283499892038,1.9332050912101892,0.5884354382497242,0.7107398335254228,1.6958689649447436,1.7122125353015742,0.9897072091033108,0.8513301803090352,0.24699799211737938,0.25646216033336194
3,3,nd,calibration,6.000102777303261,1.8244913979560569,1.8702757732139215,0.9326872198854146,1.6700341826482386,2.054816993206412,1.8176247578863571,1.5797304409978574,1.4577624428589968,1.3799656750305358,1.3363656496943541,1.2823115799508062,1.139905333935083,1.243940584302241,1.3295009096655208,1.277568900487861,1.221042057019567,1.2661063950242213,1.2996451245454181,1.7080038007077836,1.7017945849211982,0.5531743806140682,0.8912585259809632,1.4579800242090748,0.5714242243630924,0.21997398593577178,0.19588463360021977,0.05456630250581627,0.1620741821393897,0.5736347681668358
3,3,nd,uncertainty,5.2202016077659525,0.8051872956433297,1.2848941604556383,0.2798848865663703,0.3986718607668076,0.32265677890025524,0.12609352623320724,0.035723623683670325,0.020908858501025085,0.029903448742395256,0.040925749537554235,0.032387764985436496,0.08915818727515734,0.049893659517059596,0.11541617116691694,0.07537676740144683,0.08017961340416468,0.08911490766570795,0.09303934403431113,0.1459988036764801,0.18106791610983464,0.12413817797689886,0.06042551514397826,0.11943523327936723,0.11227740656196336,0.0436439180750029,0.022368257366762706,0.005356774589535547,0.004609475221553236,0.016939771848656082
4,4,dB,calibration,15.549057899078562,5.568143638113337,5.899106941141732,-0.04606670247671385,4.7810773801131825,6.313272145183163,5.166476410069649,4.054098818508088,3.3400384574526285,2.8378509775759397,2.5500573533383957,2.2441092685315596,1.3954703827347146,2.0100257182474905,2.502175778375886,1.8416808665013136,2.1858060846688545,1.6872615167189053,3.1093572230982502,4.788202750126231,3.88939123686842,-3.9063748023540157,0.5264218831556349,3.554644429234507,-2.478178762701951,-11.062476748635795,-9.993536577123997,-16.75441169863491,-23.492215170637913,-5.949188614478146
4,4,dB,uncertainty,6.435813408566255,5.692266432725873,7.044856084462653,2.5591551452198344,2.010780394544958,1.2515021520976548,0.5739695433696225,0.18306998242712533,0.13919422938136541,0.1953698717674481,0.26810993289664437,0.21818414518107676,0.6842307463226303,0.3522201086955852,0.747742260066893,0.5043959830899568,0.5624872004028183,0.5951100611344585,0.6359923550982408,0.746162449192697,0.8130275972685636,1.9295066157533682,0.8395736955109088,1.092107552916602,1.680739229451933,1.7118862238138166,1.0173538881788267,1.09507027400555,0.35873946899406095,0.3423050041359585
4,4,nd,calibration,5.990359616243296,1.8984850515522533,1.972219947555763,0.9947104142685439,1.7340190686195667,2.068538494225459,1.812691175380691,1.5947952773672363,1.4689327814437252,1.3864127666344335,1.3412287915730163,1.2948082665068188,1.174285015629614,1.2603793697747419,1.3338555154463514,1.236186633313479,1.2861460972825016,1.2144036834747811,1.4304341213085394,1.7354421349066602,1.5648386414031417,0.6377952197252724,1.0624808084723032,1.5056784044051195,0.7517805090959826,0.2798183314458409,0.31646316786035444,0.14530461733653002,0.0668943197074372,0.5041277095950893
4,4,nd,uncertainty,4.855988454325401,1.3351545333825436,1.78084518981087,0.2973338358530281,0.40501995641578437,0.2990766769234745,0.11987107075318137,0.0336155272640114,0.023541137030793635,0.031186917603138187,0.04140668168506578,0.03252819883735536,0.09259997591191915,0.051123448676267946,0.11496951517194653,0.07182661783789723,0.08334741769297915,0.08326946787118106,0.10483189791571934,0.14926680888664967,0.1466879843180322,0.1428496724491446,0.10285885205514345,0.189813462100902,0.14638074081773594,0.055506612757947105,0.03715125234308675,0.01836779374596538,0.002763615111960077,0.019872473262360912
5,5,dB,calibration,14.99710030104297,5.184791632478484,4.934547605353088,0.9144523614049049,4.786291004461689,6.369538150043436,5.592506702861343,4.294893473119025,3.7075646059463097,3.310594924100755,2.816883962483786,2.5619495194541955,1.945903246172719,1.8723926775025816,3.3755595034941592,1.4678134643747143,4.02600698897465,2.0802389015595253,3.484922203665029,3.559718495666388,5.213019353893195,-2.7717299279011627,2.21668435931781,3.173112375887584,-2.175194378390607,-12.53867972900153,-11.044925831307197,-16.229043095585027,-23.437442307497726,-6.5078208865856055
5,5,dB,uncertainty,6.442270996377944,5.581816555650116,6.424306838525031,2.7181299080709533,1.9843174155091838,1.1189224519888221,0.641409321598429,0.20267467494610333,0.12685381804105766,0.19280073104609774,0.2651270225396668,0.2161298424991115,0.6810741464035596,0.3504386813012385,0.7530713898395143,0.5041933259125042,0.5804615429733385,0.5970552470644962,0.5858973536790082,0.7429957978231843,1.0829684507076938,1.9333750052594643,0.6206860819989273,0.6909720162167446,1.6225886876405364,1.7202197618917288,0.9998354435274472,0.975380979085242,0.28966165606598027,0.26346921837265486
5,5,nd,calibration,5.621536243941104,1.8165174811394247,1.764929573408797,1.1110218959412095,1.7350602098499848,2.08198169822731,1.9038175902200827,1.6396255364966876,1.5324214779683485,1.4639618054990624,1.383070117599382,1.3430663741557034,1.2511090404951306,1.240565313080103,1.4749522990813784,1.184106249416233,1.589645735992787,1.2706090522689246,1.4936406004454967,1.5065582387708696,1.8224304689191457,0.7267976319227205,1.2907264741069138,1.440972254875995,0.7784671325840098,0.2360837057428902,0.2803843107136074,0.15436464739267186,0.06731748536908344,0.47272541923563743
5,5,nd,uncertainty,4.562389075977751,1.2493722434497676,1.4277031665365398,0.3533815488685911,0.3998365860039874,0.268944764905091,0.14071517360899044,0.03826214038920117,0.022381176136822112,0.03249823525907969,0.04222321734887302,0.03342279161018047,0.09820196838466999,0.05006511066935315,0.128039443520106,0.06877289779344009,0.10631210218491416,0.087408588958647,0.10082834344434866,0.1290290446804736,0.22781226368147667,0.16311564204887247,0.09231270332265562,0.11475186102425183,0.1462707257860108,0.047062065259206504,0.03234644828576057,0.0173708147783138,0.0022453553500734677,0.014341386102858678
6,6,dB,calibration,15.729921208888129,5.687903813224308,6.6221174479805995,1.0659303929293387,5.068000143736506,6.315052108721325,5.150073325517198,4.010662333319779,3.332639115603257,2.7736790612309505,2.300130356817803,2.0762112684330916,1.8327608039879237,1.8471318992096784,3.2810575285474,1.3556376301505253,4.385838841592111,1.5890767424955783,4.089019810554504,4.305591855840987,5.446695867033306,-3.9961901015272616,3.7123453350770035,3.4538890475644948,-3.9154565635877034,-7.980684870987481,-8.09327935593776,-14.380795106098859,-21.24358261075769,-6.116011436819882
6,6,dB,uncertainty,6.5853895740654576,4.567320386824398,6.986067299299791,2.979167742971088,2.2999846770780725,1.277056593052811,0.601571651565428,0.22356846129737323,0.13229459019119827,0.19569109525191722,0.25428262281365077,0.21822148732524554,0.6831737354934049,0.35317972269009856,0.7564628699973692,0.5059747556108757,0.5583280286938764,0.5867100411744747,0.5864864011124045,0.7230958716458991,0.8194435183721854,1.8788247468938393,0.689196079529368,0.871771318378117,1.6365438400563697,1.7033126342392246,1.103816507476688,1.0011492140826665,0.43161752911291873,0.3063438449899311
6,6,nd,calibration,6.116402546416723,1.9248424621288678,2.1434130591158915,1.130567559466976,1.7922558523548209,2.0689624347240003,1.8092711838977267,1.5868399171363317,1.4676819587914538,1.3762076037610098,1.3031863363739558,1.2700200094642116,1.2349177705521017,1.2369626745648192,1.458991885332742,1.1689121733418508,1.656883381795698,1.2007534334077203,1.6012199429112346,1.641646302300251,1.8721247868487256,0.6312341624929703,1.5332651576399279,1.4883136071365026,0.6371287046013481,0.3989934410131412,0.3938546998053799,0.19096784386530416,0.08666043595327944,0.4945377267299539
6,6,nd,uncertainty,5.094493270824556,1.0594361191842334,1.9159243745543164,0.3954205318206068,0.48014680930370734,0.30528958831652886,0.1254076026556048,0.0408486116568596,0.02235509529291113,0.031008263794431112,0.03815671046347424,0.0319109295134844,0.09723051468957888,0.05031039366419188,0.12722576065227997,0.06813056886893931,0.10657764058503083,0.0811695722831387,0.10819933332425413,0.13682413042679686,0.17688196412438373,0.13760806737393178,0.12178712380984791,0.14962756726506465,0.1207555333830232,0.0787455046272045,0.050186503265746474,0.022060021931766358,0.004308085898865166,0.01744553585821254
7,7,dB,calibration,15.666154647546398,7.381144538519767,6.020433261857425,2.7849776837395646,4.4643561196232575,6.628026340653346,5.4172520669536794,4.225341443145254,3.5938494017590656,3.0980329543469765,2.6039946777408147,2.3525818687183246,1.901343897709289,1.700300468534536,3.0387231282732614,0.9907759035019339,4.243440801907923,1.4093054195191357,4.0234899314734704,3.04686021106194,4.927309947223591,-4.21482747428891,2.2980949675678204,3.529264486405566,-3.2703063853385004,-12.657859277924544,-11.456375215791994,-17.43145218496727,-22.208535915153043,-5.767505219578275
7,7,dB,uncertainty,6.472322989578782,3.743808841960225,6.882527637624918,2.532273420882953,1.9838153486859176,1.1675912050285726,0.5884489986939581,0.20085783119876202,0.1363821296919791,0.18899005463374643,0.24971297210553545,0.24253315500131864,0.6865535835858977,0.3629035612611196,0.7481226769913383,0.4981627077928823,0.5659220468092729,0.5871184484289292,0.5678958720085074,0.7339366149744834,0.8684788564106232,1.8635475636491767,0.5412128255961193,0.829425569162569,1.6301689901307908,1.70982364477019,1.000280886229563,0.9096114920075026,0.31918486649673056,0.24857021712255808
7,7,nd,calibration,6.071664031603788,2.3391454472363784,1.9999616274600696,1.3779989421835614,1.6719289045278602,2.144871689976471,1.8657893223803332,1.6265487047404228,1.5124898542217509,1.4285704013938696,1.3495834190653466,1.3110797010838067,1.2447071803853735,1.2162280725539296,1.4188489280588896,1.120827544283587,1.6299415848706018,1.1761569277322284,1.5891851441369593,1.420178751631493,1.763459529828716,0.6155433251945273,1.3028809927866398,1.5012852728378059,0.6862536711304181,0.23286651091367264,0.267412213702488,0.13440870313549416,0.07754846472580948,0.5147836430776876
7,7,nd,uncertainty,4.954793384740368,1.039732160976933,1.7558478745959754,0.4074552980671724,0.38518909515819155,0.2891911330843263,0.12649964040194184,0.03761666070241143,0.0237494455997731,0.031085693332319253,0.03880488087106415,0.03661359186452451,0.09848712408840332,0.05082978732162091,0.12235775669057036,0.06431818323403338,0.10627266490225618,0.07956230510846263,0.10397723701080985,0.12014451097589907,0.17661754340220825,0.13307962042269597,0.08123431209459997,0.14357742482682334,0.12955363433280398,0.046136566085673,0.030863731200753475,0.014101410065182063,0.002850354840126322,0.01473393675563267
8,8,dB,calibration,14.470347517940647,5.996385602461163,5.720206755250045,0.8377028645254345,4.371687585954013,6.018898000330736,5.1709258591248,3.8707861769173917,3.2807355505889575,2.840841025891855,2.3840321502401522,2.1018718810976367,1.3578287150222295,1.6718969635722516,3.310769004325252,1.8667446564111572,2.977090789267983,2.5348316671811517,2.2232192801279993,4.1803653838355075,6.1282368801931995,-2.1145591799029972,1.3130736559332519,1.7791664530268108,-1.873070592519717,-10.702818847114933,-9.214095756619308,-12.197224268817692,-23.626373630765038,-6.697015621292465
8,8,dB,uncertainty,6.435089866273261,4.579060487871977,5.14026848606742,2.686817614696664,2.158538703172141,1.2319764960586983,0.5879344069869334,0.18953378571528012,0.15351851175526163,0.19837939211368158,0.2575721697165855,0.2311952228375121,0.6842212814253216,0.3534645011862671,0.7503571878815196,0.5017532363973158,0.5807491656452273,0.6150441730815351,0.5914978800649364,0.7203012655829607,1.2419865313884506,1.9411681900693656,0.6118698967768912,0.7640250499028349,1.6675846230981073,1.713596837102419,0.9927836293365508,0.8560597477768156,0.23229545198556417,0.26378910209177636
8,8,nd,calibration,5.290751648091368,1.9944322133629004,1.932014305322469,1.1012480267186757,1.654186146226595,1.999608158451396,1.8136199856170907,1.5614903651310619,1.4589378028447688,1.3868901103413231,1.3158355255641858,1.2737775610448732,1.1692070779461023,1.2122574120390108,1.4639911461151855,1.2397588946515385,1.408816856946589,1.3388797816698887,1.291697931199632,1.6181481058261038,2.0249385295772986,0.7839205349155642,1.1631980964371307,1.2273214448167051,0.8060212103725416,0.2916480369872658,0.3461746104532282,0.2455493487120591,0.06586903765582676,0.46253991786497417
8,8,nd,uncertainty,4.288295205981971,1.1008165078955,1.2112734539079457,0.3461091168660798,0.41532771905756016,0.2845694017125807,0.12285489027981988,0.03407580336737048,0.02578729765657206,0.03167831374722263,0.0390256266667377,0.0339085659877435,0.09219826962617772,0.04934534665557644,0.12662872632075628,0.07165633953704609,0.09426540956566642,0.09488475690339426,0.08803096574333003,0.1343432346115866,0.2905315732722993,0.17665668937703916,0.08200825899524133,0.10809646953847585,0.155698611787419,0.05791178922379618,0.0396534258840853,0.024239933366493827,0.0017618116936456568,0.014049424014270395
9,9,dB,calibration,15.507645949074774,6.187137707706397,3.196714001482984,1.0483717887070116,3.8571547277722127,6.702755258199623,4.988820140124098,3.946749556866351,3.287816126116546,2.7057071362003526,2.494222549883098,2.401142225725927,1.8666413837695472,2.1118591293760645,1.8157086611845301,2.808409235149142,1.5152626724005387,2.4879739677104524,2.751770159308329,3.8938969743446705,5.964557118264985,-5.323726284061522,-0.9887850144542938,2.771814194454315,-1.5311816375074798,-16.061555157305975,-14.078305200917058,-25.34129536382313,-15.223580159796853,-4.676625128358133
9,9,dB,uncertainty,7.729773942258548,4.599507560130791,4.636509633895304,2.541287071591131,2.8383355324847894,1.6140807502685415,1.0231608932700533,0.2850983900292887,0.13482947535641135,0.1312941353477934,0.16942370686389058,0.28063388250245447,0.3553294065715571,0.34512500975653854,0.509330133580523,0.3183542856405385,0.32311225118530357,0.4058345369263223,0.2490147557477153,0.730923290184982,0.8330994899212254,1.64732101105779,0.6748042390818233,0.758124277406529,1.3207187982967281,3.2299956614142404,1.3790227551236465,0.7359551235730478,0.41433296115557616,0.33568171810617375
9,9,nd,calibration,5.961867193353798,2.038716723284834,1.4448930432589926,1.1282844154270426,1.5590417175294589,2.163404670270413,1.7759920075632079,1.5752064369549899,1.4601275866594983,1.3654800419425577,1.3326347306101018,1.3184301054575307,1.2397441543750432,1.2752430239799022,1.2324957576048476,1.381721329348115,1.1905924758304325,1.33167638512588,1.3727406931044994,1.565650599818723,1.9871372106077188,0.5417684195545145,0.8924024404503681,1.375912162711678,0.8383800167694268,0.15737010773453886,0.1977355425952668,0.0540673683956759,0.1733089503725579,0.5836718438482463
9,9,nd,uncertainty,6.0341700341415105,1.130743990512598,0.8084344195716061,0.3348393055543092,0.5185719127701075,0.4043387402821613,0.20968846235424432,0.0517125453581917,0.022666203569170706,0.020641103694861607,0.025995521782471664,0.04260479354050317,0.05073060483848124,0.05068382141609973,0.07231349571225476,0.05065403974717442,0.044299865849025566,0.06224312653734754,0.03936033385489446,0.13190607123156628,0.1908868875857156,0.10336607418221494,0.06940024992836535,0.12024529455617572,0.12797029779183555,0.05987886271623831,0.031525708052367526,0.004586609635691505,0.008270292315934236,0.022562656367624445
10,10,dB,calibration,15.089254898105638,4.566460457997566,1.664456709191656,-0.4247566230730744,3.864166700604825,6.890196888910264,5.172640760596714,4.133017538736993,3.43301629004619,2.8048276413205855,2.517429387073335,2.511677411417182,2.2776712046002174,2.1413688470234433,1.3770915979409608,2.771939298272038,1.5862337588228854,2.451345896871416,3.030868489213944,3.893413446720402,5.710939953717251,-5.155547619663871,-1.5047930092809523,1.6231238674153161,-3.117068591370831,-17.030814762361572,-13.42831326420972,-24.46421830677506,-15.028525524664943,-4.125166629153036
10,10,dB,uncertainty,7.4989708140366425,4.713771167681221,4.635182696248364,2.5379207269578563,3.1545343852498187,1.640505668690084,1.0400890566249543,0.26346265171468547,0.13394368473977264,0.14849156821468007,0.17631494771443731,0.2728231781404792,0.3668921999566224,0.3482724279446336,0.4953924684865893,0.33007084656566965,0.32482961972960067,0.4190148027487144,0.2469379600604656,0.835238868872694,0.8536733783061761,1.7150068475408677,0.8233305087818936,0.4518049201946194,1.1360473011635135,3.0578401271790203,1.5601895349489503,0.7309976365471872,0.41509268729211796,0.33693194407149574
10,10,nd,calibration,5.681496518732078,1.6916987285483438,1.2112194479401936,0.9522745304678282,1.5603008138805177,2.210598364853426,1.813978093624711,1.609351380694481,1.4847413866331094,1.381151699220383,1.3362000059564723,1.3353154396145828,1.299821033071827,1.2795829432947883,1.1718029308240014,1.3759319802676455,1.2003604784041997,1.3260725795775645,1.4175664447217986,1.5655634453330554,1.9299541771404662,0.552360506294534,0.8409309747710487,1.2054694077161885,0.6984680909218787,0.14075351911694411,0.21310043527134223,0.05981210467192451,0.17724489020983442,0.6219302322590509
10,10,nd,uncertainty,5.537602013943456,0.963805751874803,0.6774793086904882,0.2822201548913126,0.5792083891201778,0.4200028443181091,0.21773369286241617,0.048822748175380126,0.022896861762557674,0.02361293782034979,0.02712539804328762,0.04194906026747103,0.05492080200320659,0.051320348059976095,0.0668690417262382,0.052299115577781774,0.0449008157715719,0.06399569907318947,0.04030653594927158,0.15077736993389956,0.18998678003252178,0.10977220222008613,0.07983078780485342,0.06273193258894938,0.09161491667516786,0.050581746065051746,0.038484005891977716,0.005039683903875748,0.008473635820131928,0.024131174446499315
11,11,dB,calibration,14.319515456263654,6.4266081075407175,4.68306641015586,0.7221062239678409,3.9478170591162804,6.2299979578166145,4.7832983160482385,3.72399019334285,2.960107263953489,2.2716278706851014,1.5443921355219459,1.8322098471269683,2.6130204005350492,2.7448275143146788,4.773127075102273,6.710330113667595,6.866317864425838,5.200422375370785,4.291545906236465,11.830479267992466,9.727112569434382,2.6106160855847804,7.284738674016495,12.46085263744287,4.959058383221269,-5.65923266677386,-1.7024517028621347,-6.88857370420876,-15.703316699299734,-8.352514059663186
11,11,dB,uncertainty,6.981953024301742,4.613644511598607,4.496593012235001,2.5796639794422687,3.2397133260012123,1.6220809617810286,1.020359168593383,0.2781816212327911,0.13281941551567503,0.13113935652922276,0.16564198701556515,0.27082868954820954,0.3869431637988865,0.3409350645985874,0.5283694753225286,0.37080097284696056,0.3438100265696624,0.3869672160866498,0.34560228524594777,0.7339949807553954,0.8338572180867739,1.6524550495795889,0.9786682828277246,1.1829615529699538,1.3213291211729647,3.229661987138828,1.4420162202607445,0.7643268859447263,0.42627036663775936,0.3229541272292649
11,11,nd,calibration,5.19966989283155,2.0957062345137762,1.714562498702547,1.0866891007325705,1.575400042886091,2.048801568253363,1.7344625047928024,1.5353221293590191,1.40606488782595,1.298916978243758,1.1945920130905012,1.2348394406551855,1.3509865334612432,1.3716438977432968,1.7324326251178026,2.1652921712765028,2.204529390817925,1.8197893487410781,1.6389937418482294,3.904127240155704,3.0644717946835,1.350612622700804,2.3133265043990883,4.198001910300894,1.769917075387398,0.521240756783959,0.8220105942494924,0.4524507524339801,0.16399634350321401,0.38227359168151664
11,11,nd,uncertainty,4.644505951908302,1.1662543504979497,0.9277924711778077,0.3275065821264132,0.6013212691132743,0.38483940940761696,0.20422179765697512,0.04917992680121963,0.02150153898037699,0.019611762907418173,0.02278253544839992,0.038508909682636094,0.06020430255288378,0.05385304341187225,0.10545024093093291,0.09246448778167582,0.08728377591941383,0.08110070714537321,0.06523102168096673,0.3303083135677285,0.29464556222151717,0.25850132413830307,0.26120210177179315,0.5735096408152378,0.2702858894815148,0.19830914930021487,0.13709652036734127,0.03986543278048249,0.008051546725943104,0.014216768459813428
12,12,dB,calibration,14.555577278280488,7.26998246398641,4.685024928689658,2.9559775793166323,3.629081350115084,6.505713035569109,4.950609738266522,3.887628790491547,3.273810209622333,2.7594136562420104,2.4547678985802293,2.250110008317918,1.4979669152940644,1.673126588819592,2.249037664091766,1.8682970873740246,1.917905043536578,2.092832600848375,2.025352276954848,2.3929905028170992,3.3916371030125774,-5.399876968385584,0.6863641361999058,0.31407818514890096,-3.498345562755361,-17.64361187292009,-14.840351785251016,-17.05885362426728,-15.046163839575712,-4.944315329072246
12,12,dB,uncertainty,6.610146673122794,4.3682680378694805,3.846322121220117,2.5794329441626154,2.620504144896732,1.6037813186494922,1.0208615612186664,0.26784297023418585,0.12012067941320656,0.13992757682013582,0.164871844093806,0.26212190557150145,0.3586977530743321,0.3365148455712517,0.5106298937690948,0.33021863198370555,0.3266485543939136,0.3856323140577338,0.30215949566059713,0.9152507170650644,0.8497373464564406,1.7185249057588665,0.7108139339608122,0.3846054400360403,1.3370204896096494,3.2023793175922877,1.3949676942432498,0.7094768725610606,0.4005999622232464,0.3305897549580329
12,12,nd,calibration,5.34292236714235,2.309399796448438,1.7149491466091313,1.4053965366657968,1.5186373171755814,2.1148796181583926,1.7681963384835107,1.5645211535554109,1.4577750417044673,1.3739492230002002,1.3265951186413252,1.295703107720546,1.188224070215062,1.21242903842362,1.295543152432264,1.2399804968340062,1.2470826931240748,1.2724526486106826,1.2626053169428997,1.3171933368988455,1.477684967116162,0.5370394032314488,1.082226606422367,1.0368212968600843,0.6684712319174021,0.13116543574343173,0.1811266733429896,0.14029988620741024,0.1768853266879114,0.5659580395548562
12,12,nd,uncertainty,4.470081221864488,1.2110147377406733,0.7844850262049495,0.4235196512765561,0.4651500253708232,0.39271854533739825,0.20829671894860535,0.04825209906386696,0.020160803033338004,0.02213494636760238,0.025182373591840723,0.03910753359452779,0.0490835685162091,0.046984530449961204,0.07620683815044194,0.04715271831823975,0.04690985054868213,0.05651235533252952,0.043931612556969646,0.1390524615904113,0.1447920707450241,0.10694917546777816,0.08866341864341781,0.045924763989029005,0.10330472598999757,0.04946211125469411,0.029214442395225387,0.01147265869582964,0.008160980885319469,0.02154587647531886
13,13,dB,calibration,13.768583475422853,5.106861922781807,3.785133946435846,0.9887364145630682,3.1410876344767136,6.118159352501124,4.803481415873605,3.827467843109936,3.27905637833868,2.7946879329679604,2.4259407088177056,2.3200834992694723,1.7530283919398642,1.5558525300553114,1.9473513424620137,1.6289636303224384,2.3876747477387923,2.069895461469521,2.2408948958142716,2.8912875871009973,3.3501539062970807,-3.804229217287798,2.1605234832112075,2.0996944612537973,-3.572849434211193,-17.05316437802965,-14.876699659489049,-19.889368290048047,-15.791630625161318,-4.210735095007557
13,13,dB,uncertainty,7.137005378762743,4.422033281384798,3.9580988357612923,2.564241445684552,2.9274554075409713,1.4722261291777408,1.0349480831638869,0.29454169441420275,0.11517936789166655,0.13947823061590664,0.17391189870324122,0.27725133681987496,0.35484076871598663,0.3478176095578636,0.5298279363885079,0.29894521868477614,0.3292337078101085,0.38570783660950647,0.3541887396384618,0.9326342054912727,0.8276010184818803,1.466261984098947,0.7337869373941809,0.7804812398991215,1.3711440129243975,3.206307425654934,1.4202999062251305,0.7212655029914458,0.41189304866706744,0.34373372856620504
13,13,nd,calibration,4.880105083355202,1.8002925991392136,1.5461680590821663,1.1205643994448673,1.4356691945086912,2.0225905213007245,1.7384975011991504,1.553722275334605,1.458655785551198,1.3795403151328316,1.3221996426268574,1.3061834446854865,1.223633672527183,1.1961692299472138,1.2513176405887143,1.2062801505224994,1.316387462621392,1.2690968702101098,1.2943291876187797,1.3949684309597365,1.470644473695585,0.6453399322300155,1.282407868781911,1.2734582844895015,0.6627618908203236,0.14039181255004982,0.18037029560062234,0.1012818406692791,0.16233735616379422,0.615833408349429
13,13,nd,uncertainty,4.47656919973644,0.9566476361244212,0.7292173344481893,0.3356384040151476,0.4930847785589969,0.34446544975923143,0.2076373530208956,0.05269738882994701,0.019343093471970496,0.02215364455909785,0.02647530929257269,0.04170011595456102,0.050002465468028334,0.04791218158255062,0.07637608694294229,0.04152515132008128,0.04990886731127353,0.05637436349831004,0.052794118011036284,0.15007059109110066,0.14033672224716298,0.10945774856426566,0.10846716990051264,0.11458219913782175,0.10505785349311064,0.053009212103572546,0.02962541337247719,0.00841998723693857,0.007701075511950262,0.02437723468859926
14,14,dB,calibration,14.811463957506637,7.060914363189531,5.167110701613875,0.5094293521241662,4.740094506378696,6.3481409969775555,4.831127854831891,3.9038647481568916,3.2482088759676486,2.62519598485364,2.300986039259868,2.3973339575084864,2.424189504490883,1.901418379483296,0.9334149292394542,2.4060334972763755,1.7926188093592899,2.101559730317973,3.3481602643795156,3.729722490966246,5.407247828647904,-4.992184347799217,-1.1032298559772897,2.055074143617773,-4.591866080762131,-17.22607741512362,-14.611643745573573,-17.510740727684542,-16.473262240616904,-4.796021827377544
14,14,dB,uncertainty,7.164921171893084,4.334493948924508,4.780043925611386,2.550940963339703,2.885215081726086,1.757473298906766,1.0121412799551537,0.28030779643037407,0.1054604556819649,0.12975328873413483,0.1735302101663522,0.278129553856447,0.3714694196673307,0.3435659120616557,0.492185103973903,0.34631322849701385,0.3293256734361446,0.40271404415224255,0.25765926414940743,0.8796883281707907,0.8218380511454986,1.835714595938728,0.9224438889245382,0.6178071712199397,1.384784891431106,3.307129712561502,1.4795513386061814,0.7298525197731999,0.40970315520838957,0.3549167018004979
14,14,nd,calibration,5.5026665702403745,2.254476528298104,1.812823552916581,1.060404269363507,1.7258566699834206,2.076859176903185,1.7440398047383865,1.5674483441764704,1.4534846305104978,1.3528816283088114,1.3033147249031964,1.3178521756034407,1.321933094416653,1.2447178538339512,1.1134500688476379,1.319172760041808,1.2292237436020281,1.273731785248628,1.4703069605406065,1.5363357075307964,1.8636415797241612,0.5628475533781441,0.880721315086824,1.2669331713966168,0.5893953374808302,0.1376246188615831,0.18595926146595387,0.13318734560658155,0.15008486121688985,0.5757035515219249
14,14,nd,uncertainty,5.071675999883953,1.1723242706816301,1.0487630382387731,0.3159241952728288,0.5838832566056069,0.42309782024786924,0.20368808632736157,0.05059289002494072,0.017648038835631152,0.02021063779926935,0.026039879959081302,0.042205956182645,0.056552344740355975,0.04924701592702585,0.06312731149894413,0.05261038836281784,0.04661720919866397,0.05907667439855424,0.04362175760557041,0.15586292957277337,0.17659651926329012,0.1198422361878278,0.09370876549285995,0.09019001866798304,0.09436543425364358,0.05367548556612839,0.031829640693634934,0.011204557545255733,0.007081951057389305,0.02353053951541728
15,15,dB,calibration,14.685166944260013,6.696176628715733,4.250958977671617,0.3495452462310009,4.498305161725483,6.036291909752464,4.479481930408717,3.555353009945989,2.92291326250448,2.3486166629543987,1.9319347658132102,2.054640100253117,2.0974004251914167,1.3392725409366832,0.5078226748832719,1.716993762040147,1.9786096303181822,1.485968121672471,3.2131608646231484,3.906881576282025,5.072589738198886,-3.368751699135231,-0.39887403110517283,2.7627693331768413,-4.82614798427133,-14.814145689250267,-14.270008948651807,-25.026821798054648,-16.781157794124425,-5.627853061292136
15,15,dB,uncertainty,7.717291657929163,5.516795729437612,4.588992276720648,3.206759952913987,2.1881891103978544,1.5533044832711975,1.0228320044492936,0.2724670701589051,0.1256279558252537,0.13850455767694667,0.17801489794249026,0.2731331681435235,0.3760154941844769,0.3402858903809519,0.4805978314863633,0.3231199004498097,0.3280921029394307,0.39355579467225377,0.32475528185159175,0.7759799440924651,0.8574095161149003,1.4380792266581235,0.6925946274271946,0.6207959843728343,1.3071810103605959,3.1994928256272597,1.4694978454835244,0.7832204698825967,0.42385063196075284,0.3572506983052828
15,15,nd,calibration,5.423234044594561,2.1617667437014436,1.6313530110733505,1.0410636008302014,1.678476472661294,2.0036164815140958,1.6748429770949742,1.5058012402041525,1.4000568253285455,1.3104813151323031,1.249098648012609,1.266869862948087,1.2731219949897299,1.1667118987243357,1.0602081386374125,1.218567772391767,1.2558289242745675,1.186583776249985,1.44763156194157,1.5679928529998268,1.7932031244805327,0.6785196275830402,0.9551163916061916,1.3744801323983458,0.5737102389818115,0.1816739737215421,0.19341918659139629,0.0560607508381655,0.14485787509587797,0.5231272544192582
15,15,nd,uncertainty,5.477921399181028,1.4672301218002235,0.9025480406676349,0.39314330133214004,0.4273364579962794,0.36022117941167875,0.19768210446731127,0.04724312181780266,0.02025036199132424,0.020897724312254118,0.025601722363284507,0.039844071576878304,0.055131155570030566,0.045719803031795236,0.0586921758650647,0.04534185163560411,0.04744770621967531,0.053782254025307785,0.054137866889494624,0.1402677462379942,0.17729992909687275,0.1128530343977403,0.07623970888950482,0.09832019715044693,0.0866666788000568,0.06844421662334406,0.03287940881008035,0.005061940179030583,0.007071523389196074,0.021522294369411943
16,16,dB,calibration,14.6872876098814,6.841039436979772,3.4872485077962043,0.5960550518582197,2.9066393632880416,6.091680132603045,4.568202773496267,3.43080192589251,2.689689292881262,2.1754301008692636,2.103346219472307,2.4793370805560926,2.6555687844348483,3.961569105434151,5.273805618523802,6.277325518963785,5.793470653132992,6.159026805687226,4.723012806341423,8.96071981249127,10.027157482682945,-0.488482246125983,5.480132137597835,8.529944334502225,5.599294262888712,-8.431314549302733,-2.7420547831553606,-7.47724141497563,-18.438408429400056,-8.10810938312273
16,16,dB,uncertainty,6.703243875518521,4.362162231443961,4.2452854072251744,2.551132471084872,3.0910681191146114,1.6302658740768121,1.0129870711985263,0.27874791819567873,0.1208630607210584,0.13917744436893173,0.16208421788866514,0.2740190860763407,0.35388755344055467,0.348041481513872,0.5282413942290463,0.3363304918043041,0.3462025801982506,0.41057239806936163,0.2931037108479605,0.801135842564653,0.8846384892982218,1.6208894710620354,0.7825555382274201,0.5859616856941803,1.5363947373238058,3.21326562477462,1.3753758531188014,0.7253962669350374,0.400596638941101,0.3240939059475182
16,16,nd,calibration,5.424558292375806,2.1981229055452665,1.494040689300815,1.0710327542351996,1.3974361320532263,2.0164339766356276,1.6920381029446883,1.4843629177382414,1.3629642500887507,1.2846106111147935,1.2739937897341522,1.330352879680533,1.357620662673281,1.5778962908228935,1.8352290746342228,2.059995520309026,1.9483794156132035,2.0321293120398187,1.722465929613213,2.8056661380106878,3.172180376035753,0.9453135600898935,1.8793454068854591,2.669913656326306,1.905305903687569,0.37882119744249027,0.7292849660720333,0.4228028725315718,0.11969598377502538,0.3931828178546837
16,16,nd,uncertainty,4.614449342342786,1.1509183374351644,0.759644336769161,0.31911535933610746,0.5078725361175306,0.38069312951625434,0.19778064112399052,0.04764441138823117,0.01896608797024435,0.020584704625614125,0.023774913110104268,0.04197642003106761,0.05532858545629693,0.06324284038530481,0.1116801746389322,0.07978600735493202,0.07767915832154648,0.096092280001711,0.058135320335074514,0.25914536108770014,0.3236383356985042,0.1774323092627229,0.16954884935265557,0.1802525818866667,0.3387782783553941,0.14335992933235608,0.11596253801301198,0.03535115948100223,0.005522383029607156,0.01467411294882473
17,17,dB,calibration,15.267464319755003,1.2372066299693851,1.5966067193823175,-0.9686777705606824,4.385450878774053,6.1188774414345914,4.800670131158661,3.8325504159865744,3.1284629418496195,2.4865475510628983,2.0936874006620627,1.909150241118148,2.4314831982918363,1.8840290490959504,1.463910454760942,1.8980425543811066,1.3735611874103952,2.6262081278669527,1.8185919764028569,3.057410351960705,4.276585228911927,0.7509074080120968,1.4135931647337046,0.9711590695398371,-10.60128968935718,-10.530704854590454,-18.27691328734614,-21.77102160150148,-16.77680104521177,-4.674544965390197
17,17,dB,uncertainty,6.772373743962924,5.852541100372445,2.389865049979681,2.203276094141613,2.6613522656517152,1.1027238827658703,0.5386926763440084,0.19859154045035352,0.0909394493819659,0.14721285031756232,0.14889570184507153,0.23425782668220838,0.315838500944576,0.4699703520158316,0.32947694608181927,0.34105857677660234,0.5136862075805975,0.38654073733689054,0.714935912993102,0.7319709523595023,1.3068338250003997,1.0951395628642369,0.5427935222373562,1.1213887992935578,1.068566015568155,1.0985260634185918,2.094365314795668,0.9261957155237529,0.6195700235282974,0.6060825046328927
17,17,nd,calibration,5.799268491970809,1.153082368499097,1.2017948426708447,0.89447068441735,1.6568093773105872,2.0227577419274674,1.7379349082111526,1.5546317063684953,1.4335840060675002,1.331457712142411,1.272577879975031,1.2458263494922226,1.3230436110056432,1.2422283957963836,1.1835742901041957,1.2442341804855694,1.1713267441632293,1.3530392850980468,1.232904957331737,1.4219047911844809,1.6361731497743253,1.090298389044969,1.176737674943425,1.1182990435971631,0.2950771060775142,0.2974847842016804,0.1219422869370131,0.08155468599531789,0.14493055247510214,0.5838116427637355
17,17,nd,uncertainty,4.993953045187852,0.8370839211171809,0.33485383341412917,0.22933385155068065,0.5156259539609059,0.25749118306412366,0.10785459348940118,0.035547723674020704,0.01500959917434419,0.022567299046234113,0.021815918079560626,0.03360392161076298,0.04811944652974687,0.06724647025022557,0.04490662241708676,0.04886843037720168,0.06931301511040966,0.0602330298721615,0.10159508105301063,0.1199675998468106,0.24709990703729956,0.1378321635157334,0.07358387198866068,0.14477902974250734,0.0363929701415843,0.03772402089137766,0.029688801442790534,0.008712847007506248,0.01034675728787035,0.04077017365718527
18,18,dB,calibration,15.589667208116733,0.42705196939717993,0.6995046807612724,-0.22519224829803353,4.64609493601524,6.226481972507575,4.758598565613973,3.7417733330531036,3.0806872827656875,2.536103208650914,2.1262245502371897,2.0561085968771664,1.6897884513915855,1.0477946295724578,1.6678394320049534,1.7945409759955524,1.9445910472094496,1.6434931931203067,3.2911274050620634,4.131462454593212,4.320536325477384,-2.3997680818195875,0.8514205224564861,1.3117844505139828,-10.072132146234566,-12.850469453687985,-20.173319495827023,-23.414105639777937,-14.985730197331279,-4.361612832846525
18,18,dB,uncertainty,6.966923877809823,4.2846073576905,3.357078621083505,2.1593645771520817,3.512663594992934,1.2757686074543948,0.506597269761535,0.1853711405187464,0.13327254968763458,0.13621744620237233,0.16436064353259683,0.21742423959191634,0.3239417748959138,0.4387504274880873,0.3810402112983805,0.37634401496086467,0.5438519829556454,0.2860380456784343,0.6077646126180485,0.9682027180497061,1.3243137102981521,1.216607533281002,0.49869628057104115,0.7614702809023429,1.0563960229189757,0.9776481762825028,2.0723167333633103,0.8069665397062513,0.3704849566195532,0.4678044818091493
18,18,nd,calibration,6.018432033882952,1.0503948855381042,1.0838651040548923,0.9744069828941092,1.7072799764252162,2.047972396028272,1.7295372826127853,1.53846870587836,1.4257204011942013,1.3390757967994849,1.2773538682235432,1.2670840668430008,1.2147570341766338,1.1282094457867493,1.2116912496513168,1.229495797982662,1.2509200466151287,1.2082996777399984,1.4606843300265806,1.6090632751696223,1.6444732609634596,0.7585978297511458,1.1029886059282297,1.1630254612704127,0.3136125203462675,0.22775951394029192,0.09802436219642006,0.0674985926738685,0.17812032961641455,0.605228482926547
18,18,nd,uncertainty,5.361894569243209,0.5394129334184476,0.4294193780355405,0.2447464861343039,0.7094162051716895,0.3018853960874611,0.10093101998489584,0.03283593965677267,0.021876498149503654,0.02100106839224891,0.024172450032997284,0.03172082224728745,0.04531507959935077,0.05701349305374892,0.053172583682560726,0.05328851686494174,0.07837538627877205,0.03979812839483232,0.10228967527037802,0.1797314625112676,0.2517008621929785,0.10660238437775349,0.0633623717979992,0.10209019489208881,0.03823631154837415,0.025689841721194276,0.02360957924743908,0.006280012700812829,0.00759978736575459,0.032612145233965606
19,19,dB,calibration,15.263346774335536,1.6447168868768425,0.2960237244189252,-1.9315649469948717,5.963080250429739,6.6640447855721305,4.859808387156832,3.9267664583492916,3.208977898563788,2.626403142075226,2.4078729947387174,2.2900555131743943,1.4151214586273824,1.3960085394942254,2.245200159827128,2.6060039971309976,1.3028456535672248,2.4200025028400276,3.147910380351064,3.9202644691327677,4.359263733545859,-3.947218794079909,1.4114628453412763,1.999783388955919,-7.937055250707417,-11.853726057755821,-18.422039590467087,-24.654146335609603,-15.262225363761104,-4.410423563015598
19,19,dB,uncertainty,6.785166783003934,4.660888272105768,2.5278380017151556,2.1689394566584497,3.1777996003205033,1.281719377132162,0.5112975848240023,0.19675899111632175,0.12322537309322362,0.12378031953668228,0.15405919923006337,0.2203504650194233,0.2921392931165851,0.4404466093193383,0.38276614263339037,0.36497210909181005,0.5178907474120364,0.2815276373512698,0.6596446222566453,0.9205981978634793,1.376207071006101,0.9275284677577642,0.5433805552393955,1.0233255760649462,0.9446188252217198,0.8924411942985748,2.055977169306883,0.802987764096831,0.403733480953259,0.458362252350315
19,19,nd,calibration,5.796520000630931,1.2084699185549472,1.0346684019056402,0.8006113684154974,1.9867993650134124,2.153784460825224,1.7498080870058488,1.5715866207606084,1.4469345768205555,1.3530696636612172,1.3194521639967252,1.3016756348094893,1.176944741726775,1.1743577737491069,1.2949708962235247,1.3498956562598814,1.1618291876203315,1.3212960149181083,1.436797352307746,1.5704106196787972,1.6518217742869614,0.6348031312400827,1.1764491011987093,1.2588940167662583,0.4010026452245196,0.2554545821382128,0.11992176739518459,0.058518432339649,0.17253957812436058,0.6018369139112374
19,19,nd,uncertainty,5.002858300680218,0.6800422275043561,0.305386265550798,0.2020034952943674,0.7432105539763214,0.31897442544320165,0.10306249188862038,0.03560375018024775,0.02052812567282969,0.019282891127073043,0.02340398168409641,0.0330254711880843,0.03959256315935056,0.059575197970234584,0.05708470625362194,0.056737913459631195,0.06931439254244098,0.042833433832228374,0.10922162339197261,0.1667561401134735,0.26281383168094663,0.0679167784060995,0.07364549226323203,0.14865958521853406,0.043696361534534545,0.026293164216521808,0.02865166880929005,0.005417585141582828,0.008022792584584493,0.031774220809740183
20,20,dB,calibration,15.641501840211216,1.4947622935902365,2.5742062662871024,0.6191613862379557,4.816122173825863,6.46623929900035,4.882882208805675,3.9619920997595557,3.2247916615940966,2.602127265786926,2.3807897632268507,2.2364343824213933,1.6687120456035913,1.6672968713317573,2.012222906900746,2.5231613275247824,1.097458908119819,2.5618871721664505,2.5116962725851764,3.025504730795987,3.7177413749790134,-2.7576352209310926,0.5500417243331768,4.10272719057383,-8.23178704255809,-11.887663025052625,-18.08010282816914,-19.277253873961904,-15.813797608108558,-4.502977781042375
20,20,dB,uncertainty,7.474839326131729,4.7217890661856785,4.6983189418267575,2.410430823478972,2.5483102471120964,1.188456599991195,0.5094327426123302,0.22425148388152874,0.11478329649615841,0.1300851677117189,0.16987801118621076,0.2358760486621988,0.2886193566203205,0.43836934853266757,0.36275982478950664,0.3455926233459481,0.5058920629781349,0.33170810556270636,0.755304393492395,0.7967401427111794,1.335472334556611,1.0669529827994493,0.8354278599636115,1.2681220782801692,1.2417298835857478,0.9445880559763523,2.0944765648692436,0.7011873187818592,0.44607633716273204,0.5595843823140344
20,20,nd,calibration,6.054455507175862,1.1877857609051223,1.3449629265253358,1.0738857247673295,1.7410294151197345,2.105290181085071,1.7544625825300773,1.5779731346992305,1.4495713041377158,1.349293298258233,1.315344424251864,1.293664674166013,1.2118129863322453,1.2116155641987816,1.2606982365409487,1.3370820741023524,1.1346788122689053,1.343056733664211,1.3353183392181038,1.4166913315119662,1.5342179823694375,0.7279779733856591,1.0653739813830816,1.603748855779508,0.38762399020591437,0.2544584332097282,0.12473687471426126,0.10867691616416444,0.16192358836187545,0.5954579678486881
20,20,nd,uncertainty,5.8776490641969374,0.6779753221711764,0.7635085869259362,0.30185511447538377,0.5181513391642688,0.28895834377229657,0.10295930861955715,0.04074448848544954,0.019156519661504334,0.020208592785008195,0.025727052689507368,0.03513537830895885,0.04027417627556329,0.061175153623600154,0.052667447113373234,0.05321361997275198,0.06612444124647521,0.05130287395464517,0.11626251374216245,0.13013271381560476,0.2368194709690482,0.0896480499391808,0.10262806430156868,0.23497674409145786,0.05560345473033826,0.02772685971160127,0.030370832883370093,0.008782712314552715,0.008319474391784376,0.03838864403209974
21,21,dB,calibration,15.486927222526704,1.1413338268863855,1.0655801339076416,0.29934123543565905,4.494689019597553,6.12128019100691,4.7584723747433415,3.818161806875203,3.0564085515014696,2.3624559656369257,2.051536229271079,1.8628498802953715,1.843757284473,1.6382278314533494,1.4770638691463773,1.9861307242816224,0.8551081967253964,2.5556756470316486,1.7175507498056675,2.686801722683441,3.3418213819312683,-1.0276131956191676,-0.11265438801024885,2.2991592310485487,-8.198071038882816,-11.792970972871736,-16.54311702769322,-18.819282207087717,-18.65874817340128,-5.68546974127328
21,21,dB,uncertainty,7.097775932726055,3.6748525648359243,2.473393961976089,2.346185255033545,2.7791470178668205,1.2839261289944963,0.5338721484628114,0.1919466267604727,0.10452372664826927,0.12787604540865397,0.1480144199210855,0.22094706319347224,0.2905962762903775,0.4658359101469198,0.33641137018842615,0.34184117526718094,0.5020264398528266,0.351514858338636,0.7358427331141331,0.7299165659079596,1.3158465617585875,1.0538974548059992,0.5257429304477286,1.11695431528944,1.0539944955902631,1.2441678433387307,1.529554850667595,0.878496976011003,0.5228840797739451,0.5263817325082258
21,21,nd,calibration,5.947663110929568,1.1404249006088218,1.1305219701813922,1.0350636612932214,1.6777778284866123,2.0233173682630348,1.7295121556264692,1.5520585133599352,1.421740803062494,1.3125709805842918,1.2664172325009648,1.2392031080688926,1.2364821870314104,1.2075674318669847,1.1853679850936873,1.2569168148889525,1.1034569892985058,1.3420966191839332,1.218645916270094,1.3625112163761828,1.4692343354741686,0.8884220731781269,0.9871139298892901,1.3030406417887235,0.3891315536783888,0.25724767088336775,0.14888266998828764,0.11456076093586766,0.11669777919555932,0.5196686439741588
21,21,nd,uncertainty,5.419454063260002,0.4970181668384673,0.3262958697770784,0.28299803994473316,0.5460302459867752,0.30017197679749485,0.10637020415493548,0.034301223804648506,0.017109270310952662,0.01932472742525948,0.021581794394668896,0.03152559235010843,0.041375629826485905,0.06479451208208742,0.04592171785326726,0.04947988808763992,0.06381304478461591,0.05432899900792454,0.10336359324247602,0.11463309870884952,0.2234302217363261,0.10806087592205726,0.05978490854698504,0.1680255608878347,0.047335369825434875,0.03697432253130652,0.026353430645556536,0.011606520236161107,0.007029363177192459,0.03151220650854905
22,22,dB,calibration,15.321531135985587,2.4800811932598608,1.2379414108134545,-0.798792371831091,4.471486885832475,6.252865100486407,4.8756017425118685,3.8520362165871376,3.145991677337669,2.6002397237181327,2.2386407034742746,2.2739892308021297,3.191937333347923,2.7284133743554477,2.754535733027211,3.6341355182071737,4.271719270861681,4.510967932882913,4.1189566228329255,6.527179561789907,8.57984954998011,4.115833170680126,5.538388136120368,8.004165477993794,-2.903409597147615,-5.668552768108846,-9.290674469752936,-10.107996421501078,-20.78246249958781,-6.010590605903715
22,22,dB,uncertainty,7.063455559868358,3.1412234251894193,2.2699591435361475,2.239205888786439,2.1352832798916452,1.245746340323245,0.4796143997625051,0.1997835294007445,0.10386053253824422,0.13786926600598454,0.15164079414931345,0.2527289581726288,0.330591331403174,0.4689100964494348,0.34201880088402936,0.3590816751678338,0.5470042928308673,0.39702352954336745,0.7379640844589529,0.7328051254763861,1.3221938312925106,1.0793219756340788,0.6223684657816483,0.8034673581993009,1.047164599842285,0.9373418147824796,2.1277531439163493,0.7687164803652538,0.4030566881477075,0.5520317857733831
22,22,nd,calibration,5.835479621932456,1.3304668547509126,1.1531799173639026,0.9121376480759108,1.6733020545181907,2.054202507552314,1.7529926175103767,1.5581232598926604,1.4364800004806781,1.349000113419335,1.2939933223829856,1.2992701519360135,1.4440986655461074,1.3690542844719022,1.3731778411909317,1.519521242959809,1.6352567991676021,1.680925233195074,1.6067482336234933,2.1201128489704146,2.6852979326767468,1.6061705496785839,1.8919924839363382,2.513091341703277,0.7158623473116346,0.5206817569069331,0.3431359938402725,0.31232027538769813,0.09138541218500315,0.5005765141621871
22,22,nd,uncertainty,5.286080923316962,0.4917160951579024,0.3048127760813049,0.2377606695998018,0.4155096625560457,0.29562859692892607,0.09684532582177408,0.035841442291702275,0.017176954731492167,0.021413289027446658,0.022592060362486288,0.03780954397424152,0.054976725719180664,0.07394467035555552,0.05408473208615161,0.06283612724826204,0.10305033834348543,0.0768602078761379,0.13667563827442641,0.1790804816743372,0.4103450903519652,0.20009924418952607,0.13568262476910908,0.23279914713325467,0.08651306552443072,0.05629873884505318,0.08490008519322309,0.02767698992092471,0.004242135629358594,0.031835566196701276
23,23,dB,calibration,14.503476471296871,1.0553290790423806,1.0024661975592226,-1.5340050275845178,4.399882494878606,6.165169234553183,4.667650042331196,3.7065904036192308,3.056771751425231,2.527459167614012,2.231126053305516,2.185898065651486,1.3788837883870997,1.1006187956410969,2.09140440473071,2.2115903781268784,1.5441156193991787,2.013054755095162,3.2787791006770775,4.480983798618581,4.484891561672121,-3.796811262939478,0.6594751859046042,0.7756671738818497,-7.87092754720787,-12.509796775408809,-18.37318866351594,-22.19979175625405,-15.500375151011312,-5.037503965192137
23,23,dB,uncertainty,7.041084072146396,4.906795587836362,4.936537248102219,2.272686885281559,2.433818774921457,1.1289072550330501,0.5073828962767165,0.1858344516540628,0.11132207443825728,0.12762585780506894,0.14767436637761247,0.21896661002525372,0.3072187031557192,0.44582868595344766,0.38029301553385697,0.38626776683712133,0.5464529697778033,0.2931344924415716,0.6028583778891178,0.976317909422315,1.3471233735457162,1.0344926270551476,0.5211074006644124,0.8847086621161572,1.1443507520949194,0.8699385282882346,2.072464849025846,0.7361192317664227,0.41368238838738625,0.4644364511937232
23,23,nd,calibration,5.3109696983333645,1.129188519349969,1.1223370759011357,0.8381075416118914,1.6595644562379623,2.0335668877918676,1.7115220636896895,1.532249612458349,1.4218002543068762,1.3377438355494056,1.292874300336015,1.2861597172584804,1.1720447380285284,1.1350916784040626,1.2722434400426657,1.2899697285064848,1.1945539837454806,1.2608189794716747,1.4586092219605242,1.67513259750327,1.6758864056091092,0.6458913031415783,1.0788815326677657,1.0934107985881671,0.4040672227521665,0.2368700551849324,0.12059812809993187,0.07762657273354653,0.16787315107052753,0.5599184802634819
23,23,nd,uncertainty,4.792511633698109,0.6723704763532407,0.672767469614497,0.22180393368072615,0.4711251599620192,0.26504794057516035,0.10003477010449757,0.03278495379506219,0.0182228986915699,0.01965680605220743,0.021982042043215855,0.03242682967574595,0.041463702766780686,0.05828748550127427,0.055720243576524386,0.05738479281692854,0.07520222966184964,0.04255864493249317,0.10131845979394816,0.1886862533485868,0.2609620351559414,0.0771078833487247,0.06476601748703714,0.11156295556933876,0.053389288596530304,0.023763491594036276,0.029048680860174883,0.006586641440433985,0.007998308334145138,0.029953233977571547
24,24,dB,calibration,15.32396830437864,0.5535175656584217,0.6650523568714561,-0.3218813342567448,4.648942443553929,6.127729910169457,4.864260416863495,3.911089841507831,3.241119394577609,2.7039583303942436,2.2385015209905106,2.144561615260585,2.3739163431989425,1.4976807512267527,1.5829719395468018,1.8089867327170595,2.4015639383243155,1.7537688038910417,3.103371862397452,3.522592946662108,4.796175283038565,-1.1298164669942636,1.2784213917293457,3.0182936278235886,-7.902033312502148,-13.100641096614112,-19.94373528697175,-24.590189373334347,-13.695723545227878,-4.718457631865057
24,24,dB,uncertainty,7.569401807887704,6.69468146555556,2.3899807987094905,2.2613845360365965,2.145238301835419,1.272854570544169,0.5167776876887177,0.1915779626999104,0.11686687193031833,0.14444650617118715,0.14496448746929194,0.2234622821412981,0.33423910481319596,0.45492293188692173,0.34818407009649865,0.3627719525521715,0.5603676218433654,0.3316613949324164,0.6852173940557681,0.7970086116761604,1.3316729044273028,0.9091854805495123,0.42494404147777826,0.8016294910706967,1.050271410050201,1.2377148630510377,2.0542216855142503,0.9418045673345015,0.46068536533848464,0.5049314836491842
24,24,nd,calibration,5.837117225281086,1.0658003984912126,1.0795745001361197,0.9636202841310837,1.7078397681987973,2.0248203432753256,1.7507051965383842,1.5687527208782241,1.452298770623913,1.365205145628332,1.2939725876316674,1.2800533801642797,1.3143039622096429,1.1881849238010733,1.1999097906758422,1.231542309685695,1.3184941187142292,1.2237379832712367,1.4294487628329227,1.5001325942730823,1.7370357795228182,0.8780296396827472,1.1585667744673014,1.4155156698351647,0.40262277181712297,0.22129313693808503,0.10064987402415469,0.0589509124205264,0.20663972858764865,0.580867553999402
24,24,nd,uncertainty,5.755563375461925,0.9052537808291367,0.30081474408452996,0.25372385257457486,0.4261030737655952,0.2977859896132534,0.10422182108206424,0.03460357325269414,0.019540973060672817,0.022704433433887172,0.02159695657407623,0.0329356251380305,0.05058781779505328,0.062259567084969825,0.04811267378929618,0.05145113819655334,0.08512128049125278,0.046738480122036186,0.11288416809604629,0.1378439224279563,0.2673573097339139,0.09207466299658001,0.05670374471819972,0.13082490020068882,0.04880264410773025,0.031640475990291045,0.024026320309734547,0.006404536077843408,0.010964972063053982,0.03378623838388106
25,25,dB,calibration,15.052921335694137,5.930290949696187,1.0437419539236863,1.8953511317648362,4.104174006375917,6.33324955884148,4.749919670478704,3.842692748162797,3.2894500115915264,2.889918334819022,2.598783760434735,2.7707514905143924,2.7665684540107804,2.610766978634821,4.5878888516393275,4.146219053738783,6.370234944882796,4.65515214078092,4.738916098300464,7.088691669967133,7.386104343093358,2.2860946687880173,5.750951125671854,8.085406515461933,2.2985400659909345,-5.846148070647395,-8.956560768794098,-10.099658265141336,-22.729675096283806,-6.0595256360956355
25,25,dB,uncertainty,10.650331666885627,6.1112249929706755,4.217823441584797,3.3117446940384,2.62232610305399,1.6418950563932369,1.2908382888783416,0.551409209493321,0.2950229478046051,0.3397586727671463,0.5111691559116137,0.5571797463724001,0.4484856603096398,0.7839556435170622,0.9495929464484355,0.7617876118589625,0.9305967934113563,0.7870533879232277,0.993153611506433,0.6350935526953285,0.9716994121923046,1.0701871820515363,0.5941352663704816,0.6805096063280274,0.5441161901090781,0.9993363677822519,0.523569089432813,0.5253903531294555,0.20822894670497819,0.36994734772613314
25,25,nd,calibration,5.657780138916494,1.9793133208324825,1.1276831668865603,1.2438486999671041,1.6040160157992778,2.0733015766139147,1.7278100011669009,1.5564480776514535,1.4604022741989255,1.3947485440808216,1.3487740076189156,1.375743832478069,1.375081447689689,1.3506360860231321,1.6958773607979905,1.6117992623809587,2.0821487245601538,1.7090611698202858,1.7256225401966994,2.2616978412111863,2.3404815242297703,1.3010821942416704,1.9388649346719975,2.536707107694614,1.3029477591350775,0.5101437807560977,0.35659230038201173,0.3126202361008373,0.07303251308478095,0.497764268717649
25,25,nd,uncertainty,8.811193793514365,1.5103804592858752,0.5693731069218044,0.4858274568590623,0.49165293734156745,0.3942547095523613,0.2577216901997321,0.0988748909113919,0.04961322909384758,0.05457112488241678,0.07942188322954269,0.08831132407681985,0.07103226046454603,0.12206889505926977,0.18577291567190424,0.1415426017818101,0.22350617885917823,0.15507494647182585,0.19773968160557998,0.16551786805767832,0.2623785621094741,0.16071204573862974,0.1327263639493731,0.19894566701360827,0.08167485141232378,0.05882307139819651,0.02150773215720453,0.018921243409690758,0.0017509939241084904,0.021207067918689426
26,26,dB,calibration,15.628686696236114,4.239538724352209,2.066801324760212,0.9403532854188894,4.248372653817688,6.1803385417369405,4.862202303059036,3.897797498880827,3.2676543114431382,2.7636493245608165,2.440016030954631,2.397042207896135,2.2242064647552198,1.3391605176131804,1.6730390994995332,1.6718762217019574,1.8843063370003321,2.3680852385377875,2.988671222153087,3.513627287448081,6.202786929000482,-1.080934645908087,1.2632632387255427,3.7069022374978644,-5.916686501836203,-12.908510688150692,-14.97158551765746,-23.387340600575406,-16.245745582117983,-4.258556692963758
26,26,dB,uncertainty,10.427604078216012,6.514117878915165,4.170002362988299,3.461128749566516,2.487500669881349,1.7072265762649328,1.4807356780053065,0.5490768264285342,0.29712088819546645,0.3448288388613323,0.511873019178074,0.5554071363051324,0.4436636890604807,0.7813497092383028,0.9400081664874432,0.7469549459364707,0.94433687052757,0.7766233465217133,0.9058128561370582,0.5413729059735685,0.9649731655744557,1.114381594537237,0.7071625596635734,0.8872033668096939,0.5220928605926067,1.024853518777405,0.5307095896018544,0.6074264055401711,0.2705968785389809,0.43986085175102735
26,26,nd,calibration,6.045529362213703,1.6292095090182606,1.2686448658611897,1.1143398567576257,1.630867329204707,2.0371214751228544,1.7502904176458678,1.5663538357825775,1.4567422476170917,1.3746193918175726,1.3243439794438485,1.317807911121588,1.2918447459600186,1.166696851549309,1.2124168261963881,1.212254517176535,1.2422680532662833,1.3134219256689972,1.410696409915803,1.4985849418021917,2.0423931558098,0.8829848816416063,1.1565466685054682,1.5323046230487005,0.5060176610958199,0.22624264297587393,0.17841062890052334,0.0677069062586987,0.15406809790828122,0.6124521525230172
26,26,nd,uncertainty,9.131211319113902,1.3396535448299924,0.6327306049517485,0.4558836958102841,0.4734650127308403,0.40298280000267006,0.29982987055996346,0.09908271367795418,0.04984094722761734,0.0545865709716844,0.07809083793449134,0.0843228302267508,0.06601440812476489,0.10509323070564336,0.13146698214783004,0.10437802489080938,0.1353266076366898,0.1175923055365038,0.14738206682821353,0.09346407804872714,0.22737006502337065,0.1135961672850922,0.09426441768872451,0.15678658626153918,0.030434110136112746,0.026756492451952954,0.01090770890047034,0.004738776905451117,0.0048005549445326035,0.03102835686897021
27,27,dB,calibration,15.247289298961734,3.8109433117166547,1.4728514169050817,1.740387284401816,4.000866622160101,6.220658190265336,4.76097468198315,3.8608485043039806,3.2599393606232425,2.8013148911026278,2.4241453206887513,2.3668671339696843,2.0554546293847906,1.184400225876658,1.7862127757831772,1.4671998637042165,2.4564452648543096,2.1658486255167446,2.9591631326588086,2.976400057432329,4.969940235119729,0.27265766298141614,1.3112975466479,3.2135636005593327,-2.1954056189114297,-12.080955188187076,-13.78185652240981,-17.576194950509837,-12.70068306735655,1.4334347295688588
27,27,dB,uncertainty,10.508873992665336,6.754797777080042,4.185112177356525,3.249762852156789,3.0516154080745643,1.6759365462014078,1.3262850673213675,0.6044798908667532,0.29238243284681653,0.35226540669371187,0.5091682142192987,0.5486816731357826,0.4553831334978282,0.7843174837377335,0.941548336910188,0.7560066418693228,0.9357211042466155,0.7749108766692131,0.9211119517442192,0.5509058306253354,1.0029343209655242,1.0878171119234608,0.45135486860776497,0.41090954045608163,0.570265845858959,0.9877004256122708,0.5603784865187008,0.6649075522232935,0.20205182570146588,0.3833822827966568
27,27,nd,calibration,5.785813959159549,1.550769195487022,1.184793248870768,1.2218541386949369,1.585051330791344,2.0465997159427785,1.7300104804290704,1.5597048593157639,1.4554489195245337,1.3805932463484543,1.321926369960765,1.3132377449879296,1.266988670673931,1.146093399275653,1.2283174984358118,1.1840226030937682,1.3268513273746996,1.283194328024358,1.405912060910963,1.4087048274363652,1.7721358515826109,1.031888763056164,1.1629602675199335,1.4476986853788976,0.7766578193431588,0.2488583633433039,0.20460072763059214,0.13218745842855548,0.23172124148189038,1.1794288218453048
27,27,nd,uncertainty,8.837382194033209,1.3312832094159885,0.5932140668069038,0.46788827150999085,0.5684034706776823,0.39734485564328803,0.26519029789071646,0.10863267758604167,0.0490022420270646,0.05600676416721351,0.07753591995418596,0.08301150690230197,0.06645601630729947,0.10363050758989123,0.13341023514147132,0.1031856979431488,0.14321684132479007,0.11463199259723089,0.14937226668301418,0.08940755203655815,0.20507835198534485,0.1295714097606413,0.060459442255387574,0.06851285714854483,0.05102755180907709,0.0283595102347977,0.013209170836520318,0.010128876732707688,0.005390803303508593,0.0520751435030663
28,28,dB,calibration,14.867087934445024,4.397320134736921,0.15390025048068368,-0.36287086124948553,3.996416147668036,5.727793463851658,4.6541013166326195,3.703950350416683,2.984669981542197,2.455180142567194,2.317368706948095,2.1668467797688393,1.6370179002246772,1.3890248941650611,1.8646337920676217,1.5458445706208224,1.6909092228587213,1.7266913431190503,3.152961269550275,3.222625434100223,4.903550383110037,-4.390568709174147,-0.40601000983209445,1.9763140150468814,-5.246722406691575,-12.931489958804562,-16.353257064228316,-23.89769825750185,-17.16494546160326,-4.830661772068126
28,28,dB,uncertainty,9.773960127836382,6.075531193685967,5.62280620511113,3.768826482407952,2.7028982156642636,1.656317317848763,1.2487357327588897,0.5384733179984307,0.2888085080168111,0.3414578015841193,0.516985549899452,0.5550884524444897,0.44999566035838934,0.7836145960253087,0.9599026040605905,0.7605719002945478,0.9365818318645254,0.795027835946789,0.9220255191794985,0.5923881530288643,0.8359543922472781,1.0690669100707753,0.67491030970688,0.588975983761642,0.6801657942504323,1.1173588265948924,0.9714511758127337,0.6436633794748334,0.29151912263965046,0.4162073767198417
28,28,nd,calibration,5.538018430248046,1.659074952592482,1.017876323567221,0.9590835827064431,1.5842393905185406,1.9337025644867625,1.7088544190795472,1.5317839600081968,1.4100467083775314,1.326658082121365,1.3057752582090218,1.283341797025825,1.2073992312738981,1.1734139438830984,1.239457642276709,1.194791786805813,1.2149137887430945,1.21992903295398,1.4376331002807643,1.4492098317022895,1.7586423173174819,0.6032142111449224,0.9543320285122835,1.2554970619960926,0.5465927660438648,0.22564488959124293,0.15217284030246328,0.06384326470855428,0.1385966480174355,0.5734121769949628
28,28,nd,uncertainty,7.632717194837915,1.257446582076022,0.7059171225292058,0.4293300585968301,0.5009828179740823,0.37097766232153184,0.2465223600811568,0.09502230207241202,0.046893127313855754,0.05216672769487696,0.07776585085302568,0.0820702584656573,0.06258052080754106,0.10600550578891377,0.13725501012229202,0.10475458622032396,0.13125568963290613,0.11181725832145151,0.15289455396747087,0.09891449932524532,0.16951808758736542,0.0744317287311308,0.07422807231675849,0.08519845936386172,0.042845786275470255,0.029107239153745995,0.01705488727247148,0.004735403542912638,0.004652506612877388,0.027487077203647348
29,29,dB,calibration,15.302387258893306,2.4493342123356308,0.12857017741215104,1.1184171728535435,3.6714234999376885,6.198698255801968,4.676705101401318,3.7251654808430814,3.121420665436119,2.6713078410481685,2.5043933902520337,2.260348411813027,1.4178966612442565,1.4478427020344,2.498550535204423,1.6529987065102958,2.7102309472472967,1.6883520389971025,2.8024022254165857,3.494367661834332,3.780502440149654,-4.038233735034908,0.48237100986656856,2.052971388526629,-5.5007921311637915,-12.19681779861044,-17.292878965277083,-22.61524678620632,-16.806171420223315,-5.375515083074475
29,29,dB,uncertainty,10.321053922555087,6.3051973611207455,5.848424785311028,3.484531079173042,2.4784782736560236,1.6394846041655025,1.2132316826522043,0.5502799081942824,0.2847078795491979,0.3559576434984249,0.5176204520362808,0.5535002401669294,0.45300648729805015,0.7792637346818897,0.948819934337256,0.7507949198339978,0.9098442230571624,0.8105000468769644,0.9619807029949905,0.5596054848224906,1.0250227497874276,0.8660143342387773,0.4710759182181397,0.40892157207396973,0.5621551703258996,0.9757351867335378,0.44739787016188354,0.5307698082790172,0.22554524712171312,0.36211818175523786
29,29,nd,calibration,5.822632269494676,1.3257654917697532,1.014912283635364,1.1374199952213166,1.5260584746766708,2.0414319747019354,1.7133072595827346,1.5355298878118504,1.4324221673030748,1.3600829365960254,1.3341961082457814,1.2972313049914126,1.1773208439011476,1.1813868572866426,1.3332989182720483,1.2096227196152642,1.3661914005761506,1.2145561626641304,1.380766085336497,1.4952657412322543,1.5453438282320568,0.6281860866936217,1.0571060308129594,1.2666264984079898,0.5308360311201716,0.2455608398585285,0.13657023343546815,0.07400101229458278,0.14444131346352038,0.5385477872710331
29,29,nd,uncertainty,8.665819351650237,1.0491668231626483,0.736184626622367,0.4686387029348188,0.4413870528821907,0.3876177904743079,0.24009104396331005,0.0973459979119472,0.046960636944451406,0.05575334956896294,0.07955616055486703,0.08272081695954281,0.06143018382842713,0.10613160728202575,0.14593531340859456,0.10468817575302525,0.14336997445457444,0.11349752812931768,0.1532355907396521,0.09640208885762103,0.1827897661715563,0.06273622578382282,0.05735985319892478,0.059653331352985006,0.03437996616288708,0.027643294552824285,0.007037650257160702,0.004524804429229208,0.0037511083296401515,0.022458775283710875
30,30,dB,calibration,15.460562667725204,3.371455929379592,1.8439860828856747,1.877447252213405,3.213545331016652,6.156419766341692,4.822738807524161,3.9404356997139587,3.2490475900394102,2.740180667268312,2.52265199980134,2.4711496971095457,2.21745886134498,1.572015026374352,1.9681169760331159,1.855920171392242,1.7305956933327877,2.3889871080114986,3.3181868832775763,3.6850330663387183,6.039266431404592,-2.9847596972274033,0.5383624221867009,1.9987828409761832,-7.632620002782424,-11.417433594516673,-17.321636698903802,-22.720605021613558,-15.293788805210845,-3.8329153982975512
30,30,dB,uncertainty,9.348663921308784,5.936522593438625,4.10152848927877,3.6580927143939133,2.4824903533186338,1.641760186645751,1.236465381205211,0.5665341024440425,0.2958025148217555,0.341749656016324,0.5135180550985973,0.5531080696260269,0.4466410549129977,0.7818389549263273,0.9415232382142349,0.7491021347424537,0.964490366536193,0.7836131154584733,0.8969621696337813,0.5990789622188334,0.885697592426012,1.1243642352911556,0.6975608814283717,0.606413804219333,0.515136387276226,1.2600805953798873,0.8045382202789301,0.6985580674998073,0.31184382999939386,0.41393256708656473
30,30,nd,calibration,5.929637352395409,1.474255635088608,1.2365147581207947,1.2412874446264275,1.4476956403522845,2.0315194670719747,1.7423561810795742,1.5740618202338794,1.4536249865271909,1.3709102809226994,1.3370036718855587,1.3290994701024355,1.2908415705314504,1.198397105272842,1.2543127844747881,1.2382148509592465,1.220477520333197,1.3165863720248658,1.4652419503573277,1.5284514677442431,2.0043027464163523,0.7091890397758608,1.0639424109394844,1.2587490101666772,0.41530675964421365,0.2686137997181094,0.13611881669924256,0.07310881572616319,0.17191372859897747,0.6432121361253068
30,30,nd,uncertainty,7.687672342147939,1.0879051991906359,0.6058319270369242,0.5383642212783604,0.41941806057813913,0.38627740109047215,0.24886876735896513,0.10274044084327272,0.04951352873599035,0.05395290816874332,0.07909098398016745,0.08469282979724779,0.0664062033424262,0.1080164878681742,0.1362299939291033,0.10692049972799977,0.13580178829810496,0.11893939099493556,0.1515796063113527,0.10550321370342086,0.204732522511062,0.09205914478073046,0.08553673566267544,0.0879521920748273,0.024645151110936903,0.03910521019861711,0.01262616236858908,0.0058860782317240665,0.006173432498752407,0.03066435916548449
31,31,dB,calibration,15.211683529473232,2.4972038443553046,0.514528370039917,2.086515334206149,4.806401867821728,6.189662644195089,4.628858128949425,3.70694190287567,3.0549147731803856,2.632814583335609,2.530194711752216,2.3322069331867183,1.5791714286231269,1.624069076764691,2.323690408484481,1.7962236476308533,2.4129559793602553,1.7452867439836481,3.25703053227744,3.6531787153200384,4.65126879558629,-4.152581056291744,0.4274235322522202,2.6407390778897337,-4.67728763561751,-11.787465682148628,-15.57800059431581,-25.092809186649184,-16.226697467580728,-4.572695012646207
31,31,dB,uncertainty,10.19937382999986,5.909066585626309,5.543616439338643,4.300885213633367,2.6301499546260665,1.6425827937939708,1.1748134282101108,0.5228875213667158,0.2906796348701985,0.33954546154149795,0.5126497609568792,0.5528372733982441,0.44577820304671745,0.7861976247006623,0.9396097119607035,0.7522308592608672,0.916109754578801,0.801473314117965,0.9393143809265531,0.5555181342048381,0.8591926151829187,0.9701404082046661,0.6191231727304884,0.6562354291010215,0.6915686497531855,1.0811105868022481,0.5884651577616852,0.5305889447390774,0.27723200371914725,0.4666856264949309
31,31,nd,calibration,5.762144916428104,1.3330922149473625,1.0610269583439802,1.271527527462128,1.7390821335480846,2.0393094522653437,1.7038953058064488,1.5323116205565088,1.4214963165367915,1.3540687932343107,1.3381652124926582,1.3080078386996037,1.1993848850036244,1.205600595539301,1.3067259640635631,1.2297340047981589,1.3202245336811393,1.2225435457584848,1.4549615840388017,1.5228563401815391,1.7082972421917098,0.6199703889241199,1.0504398200337965,1.3553047296284166,0.583627326579082,0.2574107712893407,0.16637955955448833,0.05563646659388981,0.1544063392572349,0.5906976585422479
31,31,nd,uncertainty,8.431894960343309,0.9785036238684806,0.724101242926738,0.6556518533806961,0.5346911938766262,0.3879552025135168,0.23116435104234334,0.09230034998647574,0.047580291642891126,0.05294621977302416,0.07902569081940358,0.08330796773856586,0.06158199147655863,0.10927321738663098,0.14163298609939534,0.1066327891890807,0.13950375356174305,0.11296793976820718,0.15765013981150688,0.0974628043482253,0.16925740799066447,0.06938951146196742,0.07493791777032277,0.1024932836487853,0.04651739290628687,0.03212205413436997,0.011280766292318542,0.0034007405087270945,0.004929103290593859,0.03175296632157498
32,32,dB,calibration,15.015696825858381,3.3987046185752012,-0.3253137913141684,1.161493868304984,3.288070773435881,6.4284728760086125,4.799981923894045,3.7882825125342023,3.2034679077473385,2.7638600853109097,2.479978677868189,2.2582051446414653,1.4734253614071804,1.2584927672219521,2.5447840518115754,1.3988232041613458,2.9298741187779385,1.6441177574547297,2.6232810918337677,2.7150818222089796,2.6433481999365185,-3.3516320806254996,0.24523485397384093,1.0675920327600679,-4.9059675228751445,-13.036426602434233,-16.84056908392776,-24.50454719358772,-16.228614321885097,-4.6499203362911175
32,32,dB,uncertainty,10.926086574274251,6.6327615560627535,4.107983519179687,3.618352947203459,3.2374098175948074,1.6439859564791686,1.5952412544489998,0.5556968264314303,0.2863254788249628,0.3346818177942497,0.5107451102155253,0.5594739518566363,0.4521765617591057,0.7832146980887609,0.9436899258996229,0.748297268014633,0.9201811422251033,0.7969090306607929,0.9650070067924482,0.636646453719881,1.091721792227257,1.0409442736028667,0.6394396081439506,0.62632136879001,0.5460418608743591,0.9353187975917597,0.43438268658540663,0.5631590691452248,0.207530280881687,0.36748107288705184
32,32,nd,calibration,5.633584869231665,1.4788878158670444,0.9632395595387508,1.1430749129894386,1.4601703943673705,2.096156208736431,1.737797212235635,1.5467286343354656,1.4460169888307903,1.374652746987987,1.330451151981074,1.296911249085917,1.184871539991975,1.1559116433864245,1.3404147635799912,1.1747383863391307,1.4011792780462602,1.2083865644088707,1.3525834046206253,1.3669546009916227,1.3557119057217155,0.679858287475039,1.0286360547009146,1.1307838615233863,0.5684622423635471,0.22293521218904136,0.1438704313838749,0.059535038706858986,0.15437226769841356,0.5854691059981207
32,32,nd,uncertainty,9.109005192263208,1.2423153497829742,0.4727376843656604,0.4900726926460543,0.5569242961293782,0.39911434703587334,0.32095927103240296,0.09902251666286999,0.04767577218848296,0.05298077130318768,0.07827788590546825,0.08359418850662914,0.06171079697182824,0.10437092382479785,0.14591780303289148,0.1013300135619637,0.14871842893081544,0.11102210194076478,0.15058207834191495,0.10028290492991088,0.17084723735699425,0.081671523265268,0.07579476056237988,0.08160914252422191,0.035760145462345294,0.024052654560772935,0.007197982067028097,0.0038627237367894612,0.003688737668837705,0.02477731289041929
33,33,dB,calibration,15.358870855877992,4.030962286176189,0.06603189613979787,3.6235552326932323,4.528095603323619,6.205424251896602,4.729778259270567,4.141454754977218,3.3421295273585514,2.7983785869452404,2.2472309765048664,2.0072859720639684,2.298141722769749,1.740580724021214,1.5886682637125986,1.792914888092369,1.8238594321533412,2.2520091923833405,2.2323227740282263,3.5737906851481327,6.586617624034766,-1.8787137404323673,0.7916401422105608,3.563770910363637,-3.9218581555271896,-15.555750883574774,-15.040244390916271,-19.635229114197145,-17.064072709388,-6.567642607568345
33,33,dB,uncertainty,6.18078144791461,5.013932308913545,4.622203993213708,2.750147330323351,1.8140716655951359,1.1299318687059738,0.8402470999687441,0.24275820658731276,0.12159787280188275,0.11413854160368163,0.10448464379417349,0.12342604584451894,0.16023771609646176,0.19879238654952577,0.23558724271415402,0.15014916036424839,0.217888727434262,0.22970116880333177,0.3869338002865583,0.449013015346799,0.7117184867154103,0.9391027136089304,0.25873434681154817,0.1870894192123245,0.6293776914632467,0.38176481674558915,0.4513597686462801,0.2733620202059646,0.28563753065288106,0.2819229920864897
33,33,nd,calibration,5.860619729580494,1.5905528871060648,1.0076311730964889,1.517671440399767,1.6842431130056976,2.0430133879670143,1.7238080836360212,1.610915416522422,1.4692864597690691,1.3801266094551385,1.2952737041182267,1.259981877385448,1.3028880060726014,1.2218813503728763,1.2006969658737556,1.2292656452640227,1.2336528648189025,1.295986446312736,1.2930524416804046,1.5090010232071343,2.134670661168301,0.8054977153869295,1.0954233828288509,1.5072612897443212,0.6366593070474612,0.16680630254282308,0.17700591542694316,0.104289009881214,0.14021560962392932,0.46948083639591104
33,33,nd,uncertainty,4.531318771708063,0.9699939420043725,0.5618804217621809,0.4885979484736207,0.3543215906379713,0.26652220435645424,0.16701626812099546,0.045028646128057126,0.020569907217611982,0.018136331286722984,0.015581532942588683,0.017904880345844143,0.02403710491680955,0.027967419100834556,0.0325704772875014,0.02125083380634707,0.030949880363282167,0.034276776881982496,0.05762117788706933,0.07804185240509642,0.17510989799019172,0.0872587303360805,0.03263517977088415,0.0324681128324491,0.046172575698572915,0.007333881190450947,0.009202201920883724,0.0032827219868369825,0.00461185454877136,0.015240889363045101
34,34,dB,calibration,15.281636158239637,3.1332480346776217,-1.8281656040901448,2.4801838408087304,4.59113588259426,6.646072948686051,4.981998989438438,4.082098722147457,3.237172044079479,2.604565867558243,2.2345032705210173,1.99542894748528,1.8590121186251807,2.1383860035665236,1.6371490441731709,2.101942243064947,1.6584952414745473,2.4581093903666726,2.0393244448195134,2.7878374755206536,3.126487659868964,-4.052956575049322,-0.5497986674336985,2.608817062665942,-5.172770021821002,-13.832707868762611,-16.06144146548752,-23.100775205135136,-17.680071028524154,-6.102130551308072
34,34,dB,uncertainty,6.2945156700287965,4.567640676524662,4.2042123552084725,2.163346712403404,2.50542526169483,1.1710962016632196,0.773589666683616,0.24272669539177036,0.11991940075135848,0.10048056659665848,0.10929148673724891,0.1515472112624979,0.1481267315360404,0.2090697025887427,0.20681682733274706,0.13103094979390378,0.22917715410156828,0.1761623212269733,0.3843523640165626,0.38058923845008413,0.5409398136301741,0.8007470241210068,0.3851098450475207,0.3412774465067873,0.5197324646402621,0.44140283919967765,0.47962812554357837,0.25217315813147995,0.34593154684238414,0.2177383060787145
34,34,nd,calibration,5.80873826232312,1.4343739910585502,0.8101990316806712,1.3304825779495895,1.696511446182341,2.1493327065739756,1.7745978436857675,1.5999445674268282,1.4516389153786966,1.3496721714771112,1.293377088937378,1.2582630616541424,1.238655701193841,1.2791435939044233,1.2074174613349022,1.2737878796031168,1.2103884256041704,1.3271055625503556,1.2646379849542417,1.3784527171022778,1.433258027864773,0.6271221946031508,0.9386637939598943,1.3503329125556396,0.5512663696859448,0.2034063967559873,0.1573721676053822,0.06997795387385117,0.13061602070139583,0.49532867733346503
34,34,nd,uncertainty,4.587736537674537,0.7895419271384189,0.40765195171255886,0.3348126606072327,0.49616907612474825,0.29066779466635595,0.15825968656739586,0.04471618000704214,0.0200422992261996,0.015613697038202257,0.01627453730622852,0.021954680611365518,0.02112471165967844,0.030792009339066118,0.02875213196594628,0.019216450270570395,0.031939798087984084,0.026917452781836215,0.055978749578109,0.06041893013657784,0.08931815130841758,0.057895951177879545,0.041631557738403935,0.05306960704442165,0.03300548844637846,0.010341233251593043,0.008694386561376402,0.002031920905740281,0.005203398838814058,0.012418224020083052
35,35,dB,calibration,13.69682964011667,4.64436633038671,1.1027891269478527,2.729498960827284,4.317441239689259,6.221416824286795,4.60203786217415,3.985560975033856,3.2283421436699484,2.584391915580987,2.153489546978001,1.9130680474602002,2.1497169425123914,2.1493831175300357,1.5493524326164092,2.0534379596322694,1.265973072107343,2.753135153788641,1.7954227463105425,3.2043607130843625,3.929172335571259,-3.4097838547210984,0.27924224761066796,2.1588598236563,-6.289524385558373,-11.793124251618949,-16.122250016460413,-22.166112967331145,-16.961491756821545,-6.139904844449177
35,35,dB,uncertainty,6.3145299840042535,5.421812040499003,3.792403012730876,2.236397253298617,2.788329533163648,1.2192441300852006,0.8015646205992215,0.2666452464957095,0.10063525050139471,0.10383774777317735,0.11984526761033581,0.12746982946556532,0.16251022604180132,0.20897834773815568,0.20484392966174025,0.11603296467962165,0.2596553421190347,0.2080443457440852,0.3501249743612178,0.3481961073322092,0.4800850334933449,0.9143649679133783,0.34159026040517454,0.3389795551509024,0.7084306644860088,0.5783763070647502,0.5945486500239875,0.23947325009728734,0.23757860712458984,0.27081477754750527
35,35,nd,calibration,4.839956763515003,1.7069402391899875,1.135375337639073,1.36922540335006,1.6438873821065432,2.046778475752444,1.6986421369761062,1.5822607272852176,1.4501639583366397,1.3465410442265688,1.2813697800964539,1.2463884113556083,1.2808133544575182,1.280764129876385,1.1952744099229515,1.266694538323647,1.156907545494858,1.372956437350405,1.2296206197307347,1.446165629682953,1.5720219898832848,0.6753218589306084,1.032671312135919,1.282162265178116,0.4847566557838536,0.2572431313077516,0.15627427730684326,0.07792814737005659,0.1418813826793764,0.4931792067960929
35,35,nd,uncertainty,3.8368151302747457,1.1360405927304875,0.5116247494684496,0.35644907934357006,0.536828548790413,0.288252106476956,0.15697929638854569,0.04858092719586182,0.01680206453822808,0.01609796182506651,0.017680512096054257,0.018292037756090007,0.02396500764500764,0.03081754498395728,0.02819140173216028,0.016922008032153157,0.03458965984460238,0.032888183925120495,0.049578972928542964,0.05798877753985632,0.08693278259053305,0.07122261426451676,0.04062236712406381,0.05005096176264834,0.039581132998659174,0.017141975425605402,0.010705320571031587,0.0021487805854572897,0.003881258675250951,0.015379179685205469
36,36,dB,calibration,15.74598370559781,3.679234630584719,0.4205354108844706,2.588769037811119,4.721824784332677,6.55017529129238,4.8892678748527985,3.8114155674612036,2.96733329939174,2.3475250910054584,1.938732535282611,1.8327550436797253,1.7452111203903726,2.344553765733636,2.7298799967603387,3.430463694137707,3.554615918777415,3.608597842510761,3.3993661026308786,4.965713368391157,4.737745795857862,-3.3109682515487577,2.3531606971942765,6.042209564739629,1.0996988865207342,-8.934975344620227,-7.408487710527936,-10.289161833946991,-20.010653402784754,-7.294745722493673
36,36,dB,uncertainty,6.116714975930536,4.761210618678157,5.374058083733573,2.2148931926182245,1.8315215629668953,1.151491129493866,0.8083834484609446,0.24000391435287355,0.10553152931160957,0.08002418740320309,0.11123905002127027,0.13844059377972673,0.13089742195942308,0.1839268726692359,0.2651927585079807,0.16700506360301157,0.1877460864493519,0.20367546221863383,0.4476078609829848,0.4010995534072413,0.7352748998023911,0.8434312583158237,0.23478686126541912,0.24884120800596318,0.40553666294459223,0.3883513654563034,0.2918921272644957,0.3039911143025448,0.22047273184893065,0.2135294728805707
36,36,nd,calibration,6.127723849823749,1.5274314605307253,1.0496071259698196,1.34721978415111,1.7222303535719543,2.125733244538105,1.755752897266498,1.5508535138011244,1.4072351193868589,1.3103166348495985,1.2500766028946115,1.2349169515796192,1.2225329017441986,1.3098684699253846,1.3692854703719346,1.4843051172226578,1.505673462192994,1.5150602087772145,1.4790004465821853,1.7712736762518482,1.7253900522980137,0.6830485715246877,1.311167074465656,2.0049820009296124,1.1349714689679467,0.35747957485978166,0.42616287581359463,0.30587353923833677,0.09987742335440816,0.431780190770819
36,36,nd,uncertainty,4.680835096112286,0.8798325930110642,0.6916364401547967,0.3472749066775803,0.3658495512876039,0.2826353131812127,0.16364143447894164,0.042857818248814405,0.01709799849760585,0.012072281795765472,0.016010004830170232,0.019683634233907843,0.01842441811545026,0.027739014231231596,0.041812758902507574,0.028540743020875614,0.032547767068188294,0.03552990897723263,0.07625071261505212,0.08182346743985647,0.14623161786109118,0.06643076600091335,0.035446258798429664,0.057448392269232706,0.05301008903635207,0.015988453119442136,0.014324036823300607,0.010707230368621368,0.0025354470227571466,0.010615732786128318
37,37,dB,calibration,15.325925976418159,1.4914937290853043,-1.6426342539058156,2.9944114544101845,4.157862091731253,6.258253812734495,4.875334927139491,4.0300373064723445,3.3318602272932054,2.8269405493855473,2.395944758079324,2.1958484414136876,1.8082773490804414,1.5975693153078439,2.10463469104171,1.748362996059619,2.734917133936989,1.8272648418051531,3.5094579426197328,3.8854926647678596,3.387322310280716,-4.94748337519129,0.2097394350186903,1.7135210022099585,-5.83231486880517,-14.81314997978572,-16.552392067509487,-24.28119005664601,-15.12789213485081,-5.567516993076865
37,37,dB,uncertainty,7.078170687351441,4.068952143274337,3.7109904250332577,2.173850360106558,2.2242029350771024,1.128955811752308,0.8215012881458726,0.2382637748356018,0.10718654696362101,0.11055427559226584,0.12002694496919322,0.1133629917534181,0.1678618725711833,0.18600584081677574,0.2309367199269136,0.14817723895819615,0.2121231037495893,0.2419657095542094,0.3929524457722237,0.44484140654805904,0.5210214729147289,0.7488514792060124,0.31766699324350894,0.1474417763854493,0.36996550143415363,0.3736957620363596,0.31734398846611345,0.20953568458887,0.19348573591576804,0.21481775990852814
37,37,nd,calibration,5.83843297410055,1.187338872428341,0.8276911037432522,1.4116290030905498,1.613961254312228,2.055477326958986,1.7529387694632883,1.5903835146105214,1.4675503534965986,1.3846723737260542,1.3176414184823384,1.287633959534449,1.2314417327356773,1.201928036502659,1.274182788973509,1.2229766065432857,1.3700797792296022,1.2341366283941586,1.4978657733247407,1.5641364372969024,1.4769510962934393,0.5657516526096038,1.0244410479988382,1.2180806665765298,0.5109568862197014,0.18169480116368988,0.1487237736939838,0.0610858325268279,0.17522876224191813,0.5267737804734457
37,37,nd,uncertainty,5.302109768216983,0.5767833510161502,0.364482611526483,0.35699349038878914,0.4178199329075798,0.26791525791568827,0.16603818108956647,0.043631489617569685,0.018110481927725797,0.01762462924265884,0.01820855594223625,0.016805898775838157,0.023800093192024918,0.025740912241828284,0.033881418660111406,0.020864424304723683,0.03346283189803456,0.034384200331459724,0.06778704781134204,0.08014111248255218,0.08864777598828177,0.04883656390770691,0.03747499375935964,0.020677744001383114,0.021770203530219606,0.007819524392106855,0.0054349178082507,0.0014737584487157056,0.0039036957021282293,0.013029396476071597
38,38,dB,calibration,15.95004596874099,2.879164957470679,-0.7370215903552759,2.764004637544488,4.7010004086066415,6.701840374038596,5.314805121301916,4.238032489872992,3.465383141164878,2.9112606650667843,2.5344876426756144,2.321559639982432,1.7424255408552298,1.8427150330486413,2.2015682763775715,2.0996955665293413,2.587779246190898,2.1164641292912165,3.3681032528690977,3.7132526591664714,2.355219734606841,-5.838581907790129,-0.12034507904441227,1.3551631148625987,-5.581021411425063,-14.088852290390506,-16.603906302154513,-22.39118017917629,-16.85481514766714,-5.532974214819056
38,38,dB,uncertainty,6.158398450211883,5.191386298083419,5.202035231977627,2.2539020140529664,1.7990088622510547,1.1090560612900797,0.8410715926013471,0.27750514425352163,0.11232650124957254,0.09723317011377355,0.12842004670300228,0.11395932071658534,0.14056106539961688,0.168790265934011,0.24196527598604603,0.17092223370149115,0.15014612065129934,0.2374558829906265,0.4307122725058017,0.48287337608945174,0.6127223249229529,0.7735443843834154,0.29809583778509824,0.20890651363310825,0.4134919005796705,0.38262277805693623,0.34128299411752744,0.17213077789327258,0.21724080403307372,0.17719451442076037
38,38,nd,calibration,6.2733901607094165,1.3930228743196815,0.9186475486390753,1.374675624411802,1.71810626087956,2.16317681100499,1.8439122776396732,1.6289270095994026,1.4902844057989977,1.398179831619948,1.3388267533270857,1.3064054454809386,1.2221408962313993,1.2363338259471688,1.288482171934175,1.2734584465365049,1.347066271853064,1.2759192990936583,1.4736866952738956,1.5334253301880467,1.3114779306004354,0.5105883538163877,0.9862403028144838,1.1688483167227828,0.5259554133763632,0.1974955822861726,0.14784433388197868,0.0759348240621614,0.1436346573255081,0.5288728700098171
38,38,nd,uncertainty,4.830046318309245,0.8830449018998168,0.583669686999174,0.3607313939798268,0.3584013656175604,0.2769559187584212,0.17882877033098954,0.05205137862127973,0.019272994027188184,0.015652086602512938,0.019795146530309893,0.0171405986681874,0.01977839133879178,0.024026813399808278,0.035898253643896205,0.025060922841605993,0.023286831445757272,0.034885578447365395,0.07310651319417227,0.08529140452108275,0.09259137097432169,0.04553189932684773,0.033853969780163695,0.02811497488165493,0.02504757310781469,0.008702706716080616,0.005810543634297241,0.001504920788704775,0.003592788187822396,0.010789898970078593
39,39,dB,calibration,14.507557497194695,3.068585251358865,-1.2645425078203867,2.8194163811003135,4.103867062888581,5.85702040384194,4.43726107575894,3.8325970552929434,3.135299382256953,2.631568802540251,2.0850451261455802,1.8576516983189109,1.9776334879243151,1.4779333176346086,1.7648140312896388,1.6673655434102486,2.534550217111139,1.8664050879943375,2.9557023907724016,3.8759272995198017,6.002089065203499,-3.071423070095605,0.5823899211977022,2.5655285778285233,-4.1404087475702624,-14.33969071308421,-13.69792557186392,-15.329213757547905,-18.183860158697442,-6.2257392743554405
39,39,dB,uncertainty,6.236174094106808,4.762497226452583,5.608843859688568,2.316798201466545,1.8996016620813279,1.1094516477644107,0.8003440541885493,0.21966685657813098,0.12966171061834833,0.08392710829802458,0.11360368049130973,0.09768863570474856,0.14217779221942903,0.18196373964105267,0.24645297065942962,0.18198703010512468,0.20791375383083108,0.24856711556028802,0.3891975613830103,0.44126432551202643,0.6925093055621331,0.8453223997350198,0.21591346481001444,0.2143802325094145,0.45331871832165527,0.39457303350742856,0.3981108222849981,0.2739854531017648,0.24349834643937482,0.21738573137847073
39,39,nd,calibration,5.313465619689247,1.4237353312345014,0.8645156799768559,1.383473418043862,1.6039593338022675,1.962686883815356,1.6667215618578117,1.5546400540613778,1.4347127873382433,1.3538745987414362,1.271312321893665,1.238461712957474,1.2556877989525783,1.1854866451307267,1.2252951135678065,1.2116251434694731,1.338836398468069,1.2397104281439342,1.4053520112439193,1.5624148748840965,1.9957422582497721,0.7021482964414819,1.0693490699796306,1.3436199044956816,0.6208398175638843,0.1918737061789634,0.2065873484018929,0.17121401517719018,0.12325569419945895,0.48832958485180944
39,39,nd,uncertainty,4.151186497383483,0.8203448318416823,0.5978681124234579,0.3734068228738263,0.35358847733106247,0.25137690404201896,0.153794160863445,0.03932116486854409,0.021417981480673642,0.01308197005806111,0.016628104031501723,0.013929049380646763,0.020555049518900415,0.02483699094547054,0.034771123545149996,0.02538786512408986,0.032050727826791636,0.03548206574403734,0.06299212216752836,0.07940862401072901,0.15928532503766502,0.06844193293397216,0.026584570071488844,0.03316583624333125,0.0324164943545483,0.008719225634938974,0.009472081944471425,0.0054016262229454465,0.0034557760047465858,0.012222923722866846
40,40,dB,calibration,15.292153626638727,-0.19190395809664862,-2.680580235852783,2.5627758903014293,3.832545215012475,6.261209980121713,4.597252616463642,4.084479249826991,3.2892233207353314,2.6413816424306518,2.1004287727706696,1.8351750452386426,2.3871607637128633,1.9703377264464308,1.3785390864064908,2.0273520876852373,1.2258608342555704,2.92166327664701,1.9019738900995051,3.8739728137941327,5.682001158880944,-2.746352779537972,1.3054328902270882,3.8600942643701686,-6.166447734367679,-14.763597742132262,-17.677227367807404,-23.96814766042884,-15.376505854499925,-4.815480484110331
40,40,dB,uncertainty,6.4062945421302375,5.1271083833869335,4.6838233185021645,2.1956654791000787,2.1124368447349484,1.114904767387809,0.8062722838155673,0.31937107996460157,0.12324349462757499,0.1297414750511332,0.11924757412490467,0.11837949921244054,0.1603085249653369,0.19275027362656647,0.2072598805458903,0.12278440581615681,0.23044517655700542,0.20274156338105118,0.36350963561073324,0.38110060562309417,0.5636678304547218,0.8212798907571425,0.44129178197096147,0.5159717079220625,0.43357934678518323,0.39557287427175214,0.4989322910323881,0.3414653012401115,0.35089430444067937,0.32943529656799286
40,40,nd,calibration,5.815776139445191,0.9781485198790372,0.7344648027114893,1.3431941588434768,1.5546307754797604,2.0561770099418126,1.6977065757742469,1.6003831217325695,1.4603641600234483,1.35540499603878,1.2735659481431165,1.2352610634010608,1.3163095682274406,1.2546335198135992,1.1719982260253885,1.2628960485155076,1.1515771575452374,1.3998553577316282,1.2447974629612168,1.5620633422084484,1.9235348447691147,0.7289241868198498,1.1621753093095444,1.55956942809751,0.4916744190240469,0.1827343164014471,0.1306587898902457,0.06332753986566744,0.17028433876870128,0.5744152690946236
40,40,nd,uncertainty,4.689049193415544,0.6115002585229083,0.4155321191805398,0.3431674725588949,0.3818295549391133,0.2646524200408691,0.15781692041008755,0.05885767408712628,0.02072170257579431,0.020246490583582966,0.017485188848451072,0.016835824445802783,0.024295453204593254,0.027844102682964444,0.02796849537202528,0.017852990517738143,0.03055605656891125,0.03267767002425015,0.05211072113354176,0.06855881560084764,0.1249147672243609,0.06902496155977361,0.05907041137631941,0.09269828209401365,0.024553433903518107,0.008324965167189627,0.007509391387369287,0.002490214448263972,0.006881052035176985,0.021791439264683576
41,41,dB,calibration,12.971756247119501,0.1374841656182113,-0.14547770420633377,0.27126674157157105,1.8225381769249402,6.044912054999106,4.623731043509721,3.7796015960507034,3.02691128585505,2.531536189390593,2.0791204839768724,1.871714604536848,1.7388583419889372,1.8220407189591938,1.679875602217919,2.3785157042717415,1.5531969807687247,2.1361760885722703,3.0722454465318094,2.947366692451851,3.610309867838687,-5.046053629740051,0.07210329775465851,1.7251499398075794,-2.270687254902711,-18.84324180681775,-16.874830073185002,-24.500946598011495,-15.66030718142401,-5.46913241957067
41,41,dB,uncertainty,8.928185364205818,6.452869599808046,4.916780270621201,4.67327063052852,2.1836737102352046,2.2058162901177445,1.207201417955975,1.0588141784702463,0.8779057063123618,0.7015393842496804,0.4960540880965576,0.42349924614479,0.3648485682324563,0.3302504851015196,0.2422097769818931,0.2364993014284276,0.30693129227592136,0.32984059033757157,0.36698003427446335,0.1376208763387559,0.22152483127555764,0.38045590214841196,0.5673254552352639,0.7399698306371748,0.2206066443115047,0.5079107109152143,0.4225750920129235,0.27413897291391426,0.19422563680957067,0.12930874659601937
41,41,nd,calibration,4.452334779903921,1.0159543829872917,0.9833907406942397,1.0317235340100281,1.2334652218254611,2.0056059194430738,1.7028898314857817,1.5451835635109394,1.4169207628992038,1.3383718991319091,1.270445455898552,1.2404684708448688,1.2216390795263918,1.2333945808715676,1.2133714726479423,1.3150000980670353,1.1958035793401693,1.2788181880852265,1.424335413383353,1.4040039661339216,1.515358862939563,0.5593676144184857,1.0083357494174254,1.219712562806342,0.7699555206445907,0.11424518615536364,0.14330406053207603,0.059559723113654935,0.1648104104356421,0.5327744372476747
41,41,nd,uncertainty,5.426099509604723,0.8261367792702287,0.5868718620468716,0.5822700121070017,0.313375925772087,0.5148239862866278,0.23743747524120995,0.18882546891852103,0.14345586646564623,0.10821479427834269,0.07259501619735564,0.06050567677689733,0.051329727697101535,0.04690680220414556,0.0338397718116733,0.035809231508821204,0.04226463173873307,0.04857389955474045,0.060196272919610716,0.022246234828797062,0.03865188522442242,0.024509034323012213,0.06590705081325582,0.1040357031412461,0.019557647294658476,0.006684338706061103,0.006974601393263738,0.00188010127459122,0.0036856414188156245,0.00793182303254969
41,65,dB,calibration,16.341792887471975,0.573143417824733,-2.2447632501941674,0.8475061197450158,3.704486670562641,6.4376258348859,4.283444776300584,3.4764198329441243,2.4407156646437187,1.5550997956406079,1.041774961316655,1.6817793696391945,4.046815827340339,6.825772631523492,8.854999501202606,10.043228852763065,9.007836763356337,8.166860115839683,6.639145441465828,11.32013704340794,8.555329175296116,0.24460426345515884,5.055563509837853,8.693341862050943,5.216522631164366,-1.3675406571500446,-1.7491219299426817,-6.326268634941087,-15.682759094456117,-7.444211950567798
41,65,dB,uncertainty,8.825675573372612,7.5116948699338,5.310425221423963,3.1478464867310936,2.8422054891111412,3.132978027870843,2.054755616552773,1.9188209504431046,1.7457930082837805,1.2842790685359387,0.7612942960149927,0.6286542012745174,0.6332221256708335,0.47955736501867696,0.7539204808752176,0.5745040159646192,0.7861827175198984,0.6210343302079624,0.6493555965606491,0.3263833524439557,0.6360041993054525,1.8647144771324407,0.7762844089794715,0.512096610224096,0.5749028137527208,1.2002214715754136,1.2621455217770274,0.6429935906704846,0.25033934465284785,0.2617324020289105
41,65,nd,calibration,6.562807177186119,1.0682113075742805,0.7722569713820766,1.1024916425728077,1.5318785446730743,2.0983662464867137,1.6374658026455966,1.4921792334373807,1.3244506574031383,1.1960655723175626,1.12742782248259,1.2136374477344218,1.593458625359138,2.1942627551806084,2.7717239535070592,3.1780552467701426,2.8209269386020304,2.560607456311777,2.147619170896078,3.681347819188512,2.6777279931951,1.028561379034388,1.7896915001633242,2.720615030746528,1.8231656575071102,0.8543247086472053,0.8176056867932012,0.4827103026951771,0.1643849467397781,0.42441370788261085
41,65,nd,uncertainty,7.876602084703132,1.0433431458175364,0.5021153137089274,0.4083570003487686,0.5102561757312365,0.7733943067073401,0.39098602033238006,0.3323286902455346,0.26799974656503533,0.17749305358936496,0.09894250903030988,0.08791552673689806,0.11626987154266955,0.12120917859265878,0.24088313671575468,0.21035692636671377,0.25567829261653907,0.18323746417912123,0.16070523539388037,0.1383638830598506,0.19624569948860704,0.22251493326113508,0.16016319953332891,0.1604930596991896,0.12076005729050365,0.11842713817549849,0.1192247182252626,0.035766421652007635,0.004738457325024592,0.012790817655321834
42,42,dB,calibration,14.75067294630819,6.855863553959064,4.5359456982760875,3.171241561894254,6.53735689381327,5.728745376493382,4.627545287885319,3.8101753737382253,3.1024096265090577,2.6782896820953255,2.184028187109199,1.946186138547894,1.856437695947811,1.7666235903064518,1.882815373675804,1.8448719132683635,2.02632194881091,2.7789118518931133,2.9227420627330147,3.6060000920584727,4.142321723738618,-3.0064584726178865,1.4075036827588718,2.991510318606764,-3.9441514929031456,-18.64311137090742,-16.011316192267152,-22.295572667301457,-16.45342669991164,-5.859694740055616
42,42,dB,uncertainty,9.282474880700251,6.154120457313792,4.8855093913021745,5.239379587808773,2.4762865920657284,2.055829487642411,1.1670974833679797,1.0434553896589758,0.8380045515061244,0.6957445893907401,0.5032972230236732,0.4251331034177056,0.38875825278782034,0.3083405249329983,0.2881329057613651,0.259115326938317,0.30748639900721125,0.35015545459159114,0.33156638352795087,0.14655356283570728,0.24375808055454126,0.6908721232394459,0.43362412756485874,0.40374248360799136,0.26422023494491476,0.5487983731386257,0.37583481507624206,0.5074856275240361,0.15873093403997376,0.14361105758034176
42,42,nd,calibration,5.464288832605605,2.201877622069177,1.685765978864205,1.4406619238823328,2.122598459456173,1.933914496351159,1.7036377876045015,1.550632094744622,1.4292904151250654,1.3611766300178199,1.2858828655243908,1.2511497887646197,1.2382886287422787,1.2255504097887098,1.2420548319122633,1.2366408704988203,1.262746279035948,1.3770369460929826,1.4000292303375446,1.514607156756156,1.6110762156005027,0.707419580482578,1.175912979732865,1.4111575898263227,0.6350273427272712,0.11690805398838862,0.158282969881164,0.07677527251185359,0.1504279943118387,0.5093487714740755
42,42,nd,uncertainty,7.01638324289711,1.6939144130828951,0.9989769884338238,0.9226824515178571,0.6133688085045886,0.4620164019908293,0.22960224664212403,0.18672929244056502,0.1381103069355475,0.1091476345801855,0.07455119955343414,0.06126230191172277,0.055441144658599395,0.04351497025826312,0.041209654043944055,0.036896638827143446,0.044711414279757666,0.05552771565543346,0.05345628299234462,0.02555657698644609,0.04521867218120912,0.05632721421797893,0.05872928304434033,0.06561785651208296,0.01932018005000996,0.007391487660741117,0.006850975295809414,0.004488258549731533,0.0027491605449996154,0.008421871744172693
42,66,dB,calibration,17.504773110938253,4.386934225264236,2.4937263992050958,2.8315146484151534,3.6149590891625802,6.854548936048989,4.860757070951735,4.123139601708921,3.256368222585074,2.5416293961858543,2.26877863743465,2.1059815048297423,1.989680220097462,2.2873041091123554,1.3355070017454267,2.356812942671766,1.3801854001871305,2.3283162136383595,0.9268601503101124,1.8889421140703675,2.6696610757695822,-6.878820329109622,-3.0815751669175313,2.163899874995323,-1.7087907802770061,-13.151934586883584,-15.78744119033147,-25.22324704142619,-15.35548598741785,-4.4890381840672475
42,66,dB,uncertainty,8.875761917326596,9.478924805687397,5.9087214182633785,4.3812331494938235,4.288546756741397,3.5554868717438213,2.1281207074875126,1.8432947872373235,1.746884983404339,1.2916918093104333,0.8111515226463277,0.6087762300889892,0.6335627970410673,0.44862178362334965,0.7332465942697187,0.5286567358125865,0.7690067921239251,0.6921886433490249,0.6547913920805394,0.3151385116006121,0.616927124498131,1.905027803696512,0.672958247055778,0.5665039852733087,0.7247260020323338,1.240301321477463,1.329824789914155,0.6583087037792382,0.2545612168071098,0.2740504947467983
42,66,nd,calibration,7.503064079726766,1.6570923457042999,1.3325586107456975,1.3854017516944708,1.5161701931418983,2.2015443909510015,1.7499992136840876,1.6075222029944218,1.4548506456708237,1.3399280225144006,1.2984909642534377,1.2743803761031265,1.2574305599245306,1.3012633720940177,1.1662062110630331,1.3117185103158118,1.1722203863080758,1.307422066572989,1.112610124272882,1.2429312455315793,1.3598251017459575,0.45295909419819375,0.7013281025832901,1.2829064651544548,0.8214108988790751,0.21999016763657353,0.16241567466015722,0.05480720411452164,0.17069692617582638,0.5964143590192382
42,66,nd,uncertainty,9.072826601446321,2.1893243710105965,0.9780462651626153,0.7288197961067331,0.7793772407810716,0.9265600366772815,0.43306811999522554,0.34371019282671533,0.2945725146888829,0.19999799210912506,0.12143886218492195,0.08939185769099789,0.09180036591990104,0.06723947771927719,0.09856592517281892,0.07988554661979874,0.10391837776104595,0.10430029906427518,0.08395429772247975,0.045105505600066764,0.09666465416326919,0.1001433822892362,0.05439130243837753,0.08373200930616043,0.06861574602350712,0.03152035316354304,0.024963380041218314,0.004157848286527283,0.0050034066481750294,0.018820728384910446
43,43,dB,calibration,14.686218936559435,7.259414226017901,4.5903753932330424,3.874696735134579,5.1122029517076895,5.8015921618900705,4.8321311088234395,3.9112127147886255,3.1873246201799574,2.621981841932403,2.2748548565170097,2.1442610062333074,2.025221622203915,1.9884103775280124,1.8685992410746906,2.485372814122556,1.8693636639637816,2.1504460203539395,2.8572061043534447,3.344008652042092,4.382325225228307,-4.6603413180058695,-0.8550248216403631,2.776016647690291,-3.175308124932677,-17.294684504246895,-15.408183457088377,-21.10160605530656,-16.767177926797366,-5.27259451921072
43,43,dB,uncertainty,8.87121976318624,6.021060508288146,4.923003824838243,5.670803600635626,2.2194605755675036,2.2158771482361512,1.2021859534823525,1.0744574793616228,0.8422263545794508,0.6827419691151962,0.4950753950068038,0.4183525647183536,0.37795531482683703,0.3349382979301652,0.25631905311813263,0.24976411794227787,0.32025066908352917,0.3958078150717473,0.2940637624618384,0.15079825674354402,0.2019839666311589,0.4103639405602288,0.44125813922810203,0.5295133700712117,0.10003197466559231,0.529348029418551,0.44479942355480523,0.2875956488883799,0.22149647085362573,0.16717880628259313
43,43,nd,calibration,5.423890919848276,2.3065916275766067,1.6963629153488995,1.562193537060149,1.8013999551102093,1.9502020476351676,1.7442412597443515,1.5687749130962942,1.4433319686647297,1.352381098063485,1.2993996421488825,1.2800090797000887,1.26258632474413,1.2572467420075528,1.2400236324514546,1.3312776492060334,1.2401327685560584,1.280920868122459,1.389505612166221,1.4696043628564677,1.6562132748202538,0.5847671048675105,0.9062515427929784,1.3765780249061277,0.693800476460268,0.13654184748284862,0.1696644396670311,0.08808859786512943,0.14509121036953948,0.5449670869462362
43,43,nd,uncertainty,6.554207019816982,1.730096615425578,1.013777967949661,1.0939337096088928,0.46532790048147243,0.5029347159171231,0.24218631679231273,0.19455509011144356,0.14017194228622498,0.10641148642850595,0.07410284879337081,0.06167498905308599,0.05495715905348275,0.04849295459645675,0.0365981873542186,0.03828637319331696,0.04573432937037203,0.05839056175896884,0.047051174438162424,0.025515510598863145,0.03851749119266956,0.027637539098496977,0.0460589433775605,0.08397159959404965,0.007990403832946302,0.008326482449852735,0.008692216509154388,0.002917205694276788,0.0037003318677775038,0.010489722539574808
43,67,dB,calibration,16.157747489872335,2.8450214926554063,0.5832422107514019,3.094734659651661,2.4446206338389107,5.644127685884516,4.9037932066042345,3.645845959682198,2.8512772947742135,2.1608734143336648,1.7276102106506173,1.6693732055870711,2.1620262774654364,1.6851122128968683,0.37824643113661693,1.7131094123036448,0.30227808151066426,2.756474607776525,0.4533406258543877,2.663443382978272,3.2723139456846795,1.5240661941186389,-1.4467086373845959,0.21448705062341133,-5.699959449349336,-12.64284303510206,-16.510469465801684,-27.786040748152246,-14.229179766481423,-2.9712850426968984
43,67,dB,uncertainty,7.84465385859136,5.654230355477029,4.011481194635959,2.791449755711226,3.6372052446441008,2.9239659996326863,1.8882119864187719,1.864181437272863,1.7643035928439876,1.2401418761191432,0.7880713368981692,0.6747480554355665,0.5709801630959895,0.47739304588186804,0.7456634944865878,0.5134741712768259,0.7749122499392865,0.6742403721323641,0.6485705242405115,0.33177764787072556,0.5839553982981589,1.9972883165826896,0.8312893116752746,0.5894202393324383,0.6290470698100185,1.229054726678628,1.2714300854386702,0.6699200319244139,0.32607764621756624,0.3344871214927993
43,67,nd,calibration,6.425210708411896,1.3875577729195152,1.0694540033595907,1.4280280330388522,1.3250462327555594,1.9151658289273532,1.7586914827639202,1.5215712650026985,1.3885574878424116,1.2824595345851098,1.2200580942844823,1.2119052316613346,1.2826297645213354,1.2141032191954373,1.0445093249994006,1.2180229479259335,1.0354136929817839,1.373484397816672,1.0535788195973894,1.3588520351276616,1.457523941534705,1.1917998041097446,0.8465733018553845,1.0250011497225575,0.5188024609869342,0.23326944079117515,0.1494433267189533,0.04080355124663859,0.1943305195057834,0.7102900776477205
43,67,nd,uncertainty,6.624616028517668,0.9684137885742177,0.5116618951232035,0.46687710904439284,0.5712200648824421,0.6569558525239041,0.38533757514142764,0.32907522172124726,0.28399140817018653,0.18372796391402746,0.11084788731384265,0.09423944336477363,0.08437635643047925,0.06676302769780551,0.08977888576345944,0.07204646734334108,0.09249709346086893,0.10672354375341397,0.07874326649962587,0.05191711959092993,0.09806367875796695,0.2764714458221928,0.0811456509079781,0.06960947425016695,0.037605419422055225,0.03311792044430499,0.021953537843989443,0.0031501926296930785,0.0072970905958038845,0.027359501310853906
44,44,dB,calibration,14.602952608928165,7.691140704222802,2.068112237427024,4.583416166483204,4.138087310271564,5.914729082127664,4.663819555867029,3.691934863095206,2.9030256565371957,2.322526642166899,1.9387500736466308,1.897129959487458,1.718325702514484,1.5395849071077592,1.4669997247211626,1.6109867438810213,1.7229866223990271,1.50819891170201,2.048022436096865,3.401020179483389,4.786557581502876,-5.588736352820554,-0.8120195165997615,2.6949178463995835,-4.548064792802329,-17.320542086671523,-16.929981676947186,-24.596640037853547,-16.799253129944013,-6.270659826499198
44,44,dB,uncertainty,8.969239907526116,6.194223302969344,5.339502228414826,5.871354479451516,2.171024384838088,2.4204946531010827,1.321590942968986,1.051254194236026,0.8489966319905355,0.7100636525203531,0.4987744017276569,0.4444070760401067,0.3695117372452754,0.3197288115873496,0.2789801931265305,0.2346925292563434,0.33743820057850066,0.43941093198256415,0.25323586698443723,0.21538313249641086,0.2880049111901973,0.3472390012255357,0.4411633700375104,1.1475614611201816,0.2645533087005828,0.6041500626920222,0.5319387029367675,0.5014605611656842,0.22034895823783138,0.16156389555599965
44,44,nd,calibration,5.3721438151452094,2.4241363016580224,1.2688363497735848,1.6950043157538022,1.6102909995192334,1.975770306027754,1.7107674470654173,1.5296664559685818,1.396854858948621,1.306550896010062,1.2500791270253067,1.2441034601841907,1.2187546483774254,1.1939310459298174,1.18399532133456,1.2037861358454645,1.2194088176554985,1.1896246254554002,1.2659050191933854,1.4792821233540088,1.7351134610808936,0.5254884590595803,0.9107496733926511,1.363784946313778,0.5923750527216735,0.13613597173077852,0.14239702505359622,0.05890714817722283,0.14455640645307297,0.4858106247698053
44,44,nd,uncertainty,6.587181598997073,1.87903997137963,0.8300583581268313,1.2350335641537384,0.40669367147943813,0.5577412740251656,0.2613052540328247,0.1855880202318887,0.13675218107664577,0.10692836470875888,0.07182340744300453,0.0636814027242728,0.05186342636348085,0.043958694343801175,0.03803502605996911,0.032530230394146264,0.04738474065247256,0.06020765675877626,0.03691250811297764,0.03668536944246836,0.057543071920164834,0.02101324133863597,0.046277604711207065,0.1807050339034708,0.018045245566758406,0.009476621593391452,0.008726089013709762,0.00340276300603648,0.003667588649772721,0.009036953777581791
45,45,dB,calibration,14.218217718710614,4.185306366869409,2.6427719098729927,5.880011053393146,5.279496679915044,5.735009576838934,4.51642925098723,3.6606808257689423,2.989207261684257,2.525288410976053,2.070052521062351,1.7920393654814717,1.7261041457555422,1.7687975182778857,1.7017303969273385,2.152115683929459,1.583089852134087,2.4029263897199087,2.96629494404732,2.857795001855223,3.0601958886537943,-4.149516014096193,1.0362659043573075,1.1560237452518365,-3.8351902336688966,-18.566086269145217,-16.44530478414655,-25.43377066664344,-15.893015599558716,-5.667946486605295
45,45,dB,uncertainty,8.86810289938088,6.130783462956563,4.771452521918137,5.139175323650496,2.250445433548577,2.029808316023484,1.1788450863306825,1.0619141703761912,0.8533743940657521,0.7117568497059795,0.4938349945291617,0.4089751998765798,0.3835731683122329,0.36390625379300773,0.2646482165083843,0.2714267973120327,0.2904712905630916,0.3219844429134558,0.36074947726707807,0.13519651852619904,0.2128541484244163,0.36574770244649474,0.44676160771275386,0.4152644408045062,0.1722950837936151,0.5079265066330955,0.2864963401835618,0.1812290106838882,0.15790290016142317,0.13789892375654364
45,45,nd,calibration,5.139381843901177,1.6190688539768763,1.355621960141566,1.9678887939793572,1.8364319247899767,1.935309724454463,1.6819824598481512,1.5241722182503248,1.4107834720830474,1.3374095516024256,1.2691198184224537,1.22914174366363,1.2198465641535852,1.2258571822511728,1.2164283125162154,1.2811671195230254,1.199926079787743,1.3187009513039782,1.4070669014113608,1.389599822910052,1.42236086457542,0.6201892002139747,1.126712974024717,1.1423552639721763,0.6430437008596188,0.11794938656719889,0.15056872081710107,0.053494787497389416,0.1604535092905447,0.5207181021460736
45,45,nd,uncertainty,6.207515159707629,1.2400731006555894,0.7827119512211783,1.2334726015599702,0.4811462734380959,0.456390836921191,0.228979364102323,0.18680586287620482,0.13883025697742946,0.10971542643120435,0.0721945028699339,0.057895538059961504,0.053886536102147775,0.05137385234588443,0.037068787286678506,0.04004191868817064,0.040135099668271446,0.048895215276013704,0.05845625668821075,0.021630098010723242,0.034859493552937826,0.026122806475237847,0.05797841131133652,0.05463576857239305,0.012756382916767506,0.006901281565137134,0.004967275844071167,0.0011162369376417382,0.0029170840372733375,0.008267372187700905
46,46,dB,calibration,15.098817972272222,7.275606695115547,2.545421787884046,3.907662541733594,4.778740356067698,5.767265764119948,4.564043782635885,3.64848263237068,2.9259831819964432,2.4378950243585464,1.917936388587833,1.8120247232825335,1.6736120862375046,1.3491181431095427,1.6536111124192914,0.9514884698026336,2.353902010862349,2.0644869768822645,1.9708753374331707,3.5628781587279335,5.759801469058104,-3.6814335302722654,0.35106072918052433,3.741245575654027,-1.6789832418089503,-20.263933733741474,-17.103445574037828,-21.19266759547712,-14.862859824945296,-6.187644194957066
46,46,dB,uncertainty,9.358821275407893,6.604740421366289,4.819468323242711,4.173574167340484,3.010918263651637,2.0363060978049408,1.1638265487349566,1.1062318497398755,0.8283147477913595,0.7112719997286809,0.49284061035555876,0.4239948072884924,0.37011387453076366,0.365743835774763,0.26640118957905273,0.24406726215943073,0.3602952719776793,0.3936801757778561,0.2721244488060061,0.22198433231743403,0.3576248185957938,0.43835744146510003,0.3748409930934705,0.32469139695983523,0.44911392040352466,0.5420453989182911,0.27422848203532696,0.5600604014630375,0.17344136299008717,0.16509777234937814
46,46,nd,calibration,5.687755232074015,2.3108956483209093,1.340513183231279,1.5681338406648735,1.733552576492516,1.942510111768751,1.691228112627847,1.5220332204899434,1.4005517454293923,1.3240206274899153,1.2470871935199002,1.2319731312194082,1.212496808985203,1.1680351361229193,1.2097080080828007,1.1157693403649238,1.3112789832732863,1.26830688154968,1.2547111774476787,1.5071063786312218,1.940841515815938,0.6545281409957674,1.0412452577297409,1.538375230873462,0.8242345931241011,0.09700705346032515,0.1395814550610259,0.08716991454314799,0.18065792127503622,0.49047603268260387
46,46,nd,uncertainty,7.3849718239437845,1.9315035295983798,0.782557180113743,0.7828199747366683,0.6130342817418196,0.45958200584941233,0.2272871480763603,0.19437008570861258,0.13376370924752934,0.10854290020136237,0.07079816593649912,0.0601616762189886,0.05168125834822457,0.0491979432091354,0.03710825183547084,0.03135644328523135,0.05440814173046271,0.057504558175411,0.03931588589399859,0.038521146085727986,0.07993300025668582,0.03304659682427069,0.04494905893339246,0.05752013466891981,0.042636990849760414,0.00605768267497242,0.004407558857605687,0.0056245537963924425,0.003607648693364357,0.009323325511289643
47,47,dB,calibration,15.439128657368565,8.020481232041114,3.848154654147208,5.125437110322446,5.653133576048484,5.467309047528737,4.370162088515535,3.480249678102119,2.7795749278172153,2.364534306427508,1.9730771637158426,2.2684289024447324,2.366858984811678,2.379431703422739,3.231838029682848,2.6034285744628463,4.1027926434387965,3.109987372102381,2.8228999191913147,7.028792266200291,9.682309667158023,-0.015582444730142697,4.92464060737931,9.295145479600542,2.660360652607274,-13.379768362791872,-7.3204725619021715,-10.088975060738164,-19.670606084822133,-6.966346258846244
47,47,dB,uncertainty,8.931166974374456,6.029485892040311,4.968243625986697,4.822990935551335,2.825635844434713,2.044838052987503,1.2054682923632165,1.0776980316343812,0.8185734345123746,0.7042239282789924,0.5098240959587483,0.43049633539082954,0.3598251213020827,0.3368393945846536,0.24505110144610442,0.26228032055833933,0.38113417232941543,0.44072754247260815,0.24662977206861914,0.2307242155348022,0.302017984642216,0.4501802533502724,0.3492612272407674,0.4090156221874637,0.7573125476105131,0.5811392033695464,0.36176200070540515,0.5333750868445477,0.15251398349320605,0.23682033390451468
47,47,nd,calibration,5.915022934471238,2.517816420709057,1.5574271191613303,1.8041467300222351,1.917152581984796,1.8765729522106784,1.6538956480450187,1.492837320949916,1.3771420723306504,1.312885087293051,1.2550292802962766,1.2984386819195983,1.3132365129003358,1.3151387830538512,1.4507477359865133,1.3494954627669344,1.6037609409379863,1.4305379010447015,1.3840283812201828,2.246154436628534,3.048705563937463,0.9982076130001991,1.7629176682878116,2.915796927443474,1.358369847195136,0.21429477489581739,0.4305031880274457,0.3130049797192986,0.10386511247983365,0.4484176383274485
47,47,nd,uncertainty,7.211891782285518,1.891583075677042,0.9402099351568924,1.0540618616788398,0.6347341475022692,0.44587623131258625,0.23027291884454382,0.18569875255666224,0.12997647672397095,0.10656114623957502,0.07370708755729649,0.0643805062235161,0.054418220300961995,0.051013956360155266,0.04093472381171104,0.040755743876180195,0.07039512306920914,0.0726175502771903,0.039303800463587724,0.05967185737757319,0.10602822488850694,0.05175918519222816,0.07090634916722727,0.1373546461999544,0.11858478816762164,0.01434833193286017,0.01793537924301905,0.01923280259258317,0.001823842658895257,0.012227598650263932
48,48,dB,calibration,25.780784018155348,5.906504670013597,4.8026781268458665,5.894243119336112,9.505754367238826,28.436860214107725,33.89636325673912,37.59160360866518,38.7775280556533,38.05304387838056,36.64091985904277,34.69326939472492,34.31403811524659,32.251378141479314,29.52942253072589,30.022993041709324,31.507110317310044,22.2721070029025,35.05971857656114,34.75568101928822,30.549359139347228,24.821019070748903,34.142632890359494,38.00065848021225,30.63055927187197,19.01004696933333,26.716728861607667,34.343269474776875,26.144740041332707,13.848901787044863
48,48,dB,uncertainty,8.95383390990495,8.114315563070736,5.906479555083882,4.5289683581278455,2.2630553184818627,5.0407074414152735,4.350833107709824,3.238527049916843,3.827732946469245,3.263459995724904,2.1308435195254143,3.0378408615106514,2.218505630769009,1.467519050004124,1.4489421608148343,1.666515376264717,1.4438814998023841,1.0358300819550863,1.0386707938071085,1.2350495278134608,0.6632340598263843,0.8479408497845515,0.8707830348070756,0.6979125935554763,0.6679038162854483,0.8450335706816448,0.6233147259496917,0.5235059060963717,0.5592692317805895,0.420970514223758
48,48,nd,calibration,19.455356844132908,1.9739003929578263,1.7383367287911065,1.971115876293926,2.9873610782832154,26.414537488274703,49.524279144074825,75.78446349480382,86.87131643217373,79.91939616912443,67.92755659151014,54.28295355336434,51.963920032471144,40.979712487109595,29.95512433335947,31.70659841911591,37.61451928283259,12.989886312538022,56.62209431424288,54.674403172631955,33.68743596247816,17.420112426203513,50.94852842102826,79.43884552973228,34.00383996799865,8.922824446316623,21.66887893083034,52.13909320775374,20.287895632995003,4.925440638949885
48,48,nd,uncertainty,23.801085386599848,2.1241754566396094,1.2753151345892018,1.0749810564454456,0.7871745674800044,16.204276332786044,25.857596804809237,28.915421929844484,39.53399258315116,30.73876480184899,16.83180673328963,19.374578221664944,13.417138508861942,6.956688914403223,5.020190787612799,6.120768493899432,6.281611812256918,1.5527747799866605,6.787097629999096,7.8003944953908935,2.574793557951317,1.7033025839191618,5.116282763157777,6.389794087348093,2.617311937345594,0.8694545518773618,1.5563318698110482,3.1443700800990406,1.3072049005001052,0.23880997877289545
49,33,dB,calibration,15.240409159513272,3.6368802195113865,2.9981800213160468,1.141091357491875,4.402233760917909,6.1803150420814426,4.754556912587091,3.9349393643081214,3.1379004793542506,2.5631288629110855,2.1720097763447512,1.8739144319252787,2.2666590272352636,1.8206955952247412,1.5384160814329064,1.5304947975483856,2.8348658603170946,1.5473080417797789,3.6607502139696635,4.004815320789092,3.600054595645517,-2.584031771249066,1.4575475466580485,1.2702322851274346,-5.447744200822157,-16.112841333757125,-15.748519836829786,-21.156058316875644,-16.808044805589958,-4.830113292147701
49,33,dB,uncertainty,5.331276670245671,2.9898818618009106,2.4773895927676826,2.163382095496666,2.0289044893271346,0.8692315177823569,0.4275273456767242,0.14875049074525892,0.1271271138994315,0.16876253784287107,0.2046446780095776,0.2019153492936258,0.40969071773461035,0.18534524839172115,0.6898172432957639,0.4690987857529047,0.614919585057696,0.5206804790321893,0.9852693097569422,0.9951679911198461,1.0007693331918213,1.1804897612959975,0.6333876152174988,1.0665601981610537,1.26913523524087,1.5675332005818687,1.5007842330271124,0.6609105551304366,0.29474625812973326,0.31586513515710873
49,33,nd,calibration,5.781232799723779,1.520001480578619,1.4122416026968025,1.1403930657263692,1.660013760327871,2.0371159637025955,1.7287326945020098,1.5730660863089152,1.43514249416723,1.3432487439695537,1.2841048574864191,1.2407826772434882,1.2981741332765806,1.2332035883611618,1.1937703941797284,1.1926822058651492,1.3859363740292583,1.194993112255096,1.524184394319174,1.5857720759507385,1.5135707620400567,0.7426743271554088,1.182707572128893,1.1574749858161184,0.5340879627359335,0.1564436476054563,0.16314509012235945,0.08753809356342199,0.144410163509368,0.5734483868719478
49,33,nd,uncertainty,3.775476371068864,0.5336133158091318,0.4082831531286578,0.28698189387336465,0.3912922033541799,0.20420273941980582,0.08512414908558674,0.026940912218231028,0.021005567042625573,0.026100300544913857,0.03025706620618185,0.02884628323948002,0.06125418847363728,0.0263169095302882,0.09490672358396623,0.06444449769388039,0.09819967015868525,0.0716774363448428,0.17326430976345253,0.18208434304367238,0.1747764339257718,0.10124707820995371,0.08632119930294258,0.14248643151090812,0.07831602077554914,0.028386722069127956,0.028329358778050304,0.006667214956228386,0.004901343035643463,0.020858229275418638
49,49,dB,calibration,14.634059684874238,2.270676917959758,1.430941079648107,2.9777584486020947,1.7214358657763524,5.7591368488041645,4.701019905592759,4.0217262545263,3.1604817155081406,2.608185911213596,2.079618761906481,1.9832717311468855,2.5461434044343747,1.9583844545260973,1.0211680635349296,2.0205034280369176,2.225072322797388,3.0870347987746243,3.0582094180488326,3.1555271291254314,10.339842288862464,-4.683172693124682,1.697350905291728,6.323011568528855,0.6498572585505187,-12.078946819980473,-10.295849889107586,-11.397659313117188,-24.061904373597045,-8.7886157866482
49,49,dB,uncertainty,4.875745871095786,3.8623902785401425,2.182566472987259,3.2195135008810896,2.6843733402176597,0.6297058865632746,0.39625754391380713,0.161845000335363,0.11946428508690107,0.12052192243327618,0.14643913917036494,0.12348272435961972,0.23464302282463378,0.15686763066169512,0.3624154128002566,0.2713388873512832,0.38891014152680764,0.26248235331633213,0.44587427881681735,0.6093312446465161,1.0758037416440598,1.109917378409008,0.7276812216308268,1.02337826111612,0.7910641334349929,0.6890095666476883,0.7314961963529305,0.8846113607497531,0.7778084074709063,0.407137363912238
49,49,nd,calibration,5.391417751563321,1.2987747773780391,1.1790902657997715,1.40892515280524,1.219191126943224,1.9406930136721796,1.7181101174714473,1.5888624915609775,1.4388783755865446,1.350234795534736,1.2705183388288712,1.25650316408868,1.3406245565877382,1.252908116685584,1.1247562190835472,1.261900671344015,1.2919735306859192,1.4267626767670705,1.4220356065886368,1.4380578477394572,3.2884565991663375,0.5832320283177759,1.2158151347042085,2.07085923189925,1.0776875431370367,0.2489159115084822,0.30563811007619474,0.26922602205993873,0.06264764951980543,0.3635542371878202
49,49,nd,uncertainty,3.187886316008144,0.5967536257909685,0.2994062696284023,0.5342730435599237,0.38281760613062404,0.14081880565355098,0.078408810942314,0.029607137725784494,0.01979071841475133,0.018735917909846855,0.021421228418396665,0.017863646302526792,0.036220407281338685,0.022628817565124137,0.04694363999998419,0.03942698234002795,0.057867361338568846,0.04312247137421521,0.07302966384550447,0.10096518685601985,0.4083388185485197,0.07473068803445593,0.10197701941368531,0.24455513584538546,0.09828572973657723,0.019766008302536567,0.025770243207740545,0.02746665389035255,0.005617503896155649,0.01704727178303153
50,34,dB,calibration,15.36048448635187,5.353059581540877,1.8799625127408661,2.7675665262812466,4.804895719659383,6.767853900360077,5.047650739619812,4.040552677496173,3.360137981749709,2.883189080701186,2.418895274268337,1.9248254098759645,1.9159890376097692,1.6292942721426869,2.3366948676222705,1.6162039997982944,2.6987933668703405,2.3620673640338268,1.751868331941644,3.1138880811588336,4.736037134954479,-4.699867536876539,1.1147736329368882,2.0456163186103566,-3.4527583344726835,-16.01378966188362,-16.264425731621657,-23.179880540934093,-16.946749712345934,-4.989680363515866
50,34,dB,uncertainty,5.898767719878408,7.2078315720752615,2.4769630981129116,4.441962995856305,2.3027290628913253,0.8816962491505339,0.4662999004319421,0.16450526536021895,0.11406391965784707,0.15334384938100928,0.19561610969583867,0.198974842688399,0.40958728428957747,0.14892563120021968,0.7243494415777667,0.43942453231554063,0.6301763368054975,0.6887679490739053,1.1401194332751976,1.0423856460122016,1.313156798648179,1.2418434985058941,0.7605278001757881,0.6912597895036567,1.1745242035090881,1.6164857610970722,1.4085917704743693,0.6485470257938043,0.2213470660933627,0.26222521639850266
50,34,nd,calibration,5.861708593642838,1.8520511594179685,1.2416469487813617,1.3752394636873526,1.7387805998670243,2.1796797778708332,1.7880618491217213,1.5923100414779159,1.4723358913862157,1.393668403411903,1.3211275942360297,1.2480766854945335,1.2468076315689172,1.2063260703157241,1.308683851230878,1.2045094177643816,1.3643935835406766,1.3125122582428155,1.2234702587897146,1.4311804794725562,1.7250506723730816,0.5821120951342246,1.1369429725741316,1.2655543936976332,0.6719888750820904,0.15823790226071557,0.15373711021852113,0.06934353429289808,0.1421223939906135,0.5630098354992042
50,34,nd,uncertainty,4.293936847021877,1.7194551318267457,0.35890027906548067,0.7343562206326564,0.4663895254853506,0.22163735553727826,0.09603778669887897,0.030159149717584488,0.019335409129556114,0.024605606131561042,0.02975581063807986,0.02859322336373593,0.05881560257396912,0.020684314596505993,0.10926267653355948,0.06096287396777855,0.09907598280268937,0.10418784158122929,0.16105560869254643,0.17216722676833174,0.2617925398916242,0.08350986015250023,0.09967683789613646,0.10082451736370901,0.09114491722289175,0.029619121287256328,0.025040989322240942,0.005182467697318359,0.0036221712748363277,0.016999732844703574
50,50,dB,calibration,14.536452296497325,3.684866828615026,0.7586252344897924,3.784983130719948,2.9561541118828556,5.862555343047191,4.573624282129124,3.801235080945041,2.9787118045188095,2.43918782044954,1.9115250313091892,1.7313223842459777,1.9284906711613417,1.4055895624029375,1.0442871399274551,1.3246431596354995,2.437279035743863,2.023440553061768,2.7695045995004577,3.2906089942935353,6.3422866527156785,-5.507215691049318,-0.2364526888125127,3.740175806436028,-1.2102040169143606,-16.92941478842431,-16.343458792088256,-22.669794678685662,-17.494821148303913,-6.284623018426956
50,50,dB,uncertainty,5.09494825584789,4.042330970328137,2.737309589794275,2.703935499034492,3.5915166174045803,0.7284726027599939,0.2616313951523172,0.13736985245001998,0.12546872911517037,0.10142803251487179,0.14134947441148105,0.1138755545353717,0.24238831330241634,0.14637706796667518,0.3914529119406648,0.24705475471084298,0.36197201211287205,0.21661548161842323,0.27933262871480624,0.5504402212096647,1.0486831154712832,1.2313431594130404,0.4639163373985709,0.8732711105548268,0.5888711376199987,0.6322735426703058,0.7170201611078565,0.8711006066075233,0.533254748965217,0.2762710880442394
50,50,nd,calibration,5.331171022854856,1.5284222152586697,1.091267601604609,1.5461412127338916,1.4054251003234894,1.963937972076281,1.6930945592272473,1.5490368669218315,1.4090798037280523,1.3242177075993782,1.2461670147324706,1.220579633883186,1.2486034585321495,1.1756538708708817,1.1277539502374587,1.1647484950634794,1.3239267335139415,1.2623274539669571,1.3755463536274943,1.46059715278618,2.0754598323882183,0.5304436019475904,0.9731445741887393,1.5381857735816449,0.8699409993768185,0.1424063189632399,0.15234459843801954,0.07353773784806673,0.13343167645090093,0.4850302766717045
50,50,nd,uncertainty,3.30958383370231,0.737269792823688,0.349627798794571,0.4891287187003376,0.5978289381842025,0.16490571102408347,0.05100613720999103,0.024499486580187746,0.02035503650501025,0.01546368360706396,0.020280343709288107,0.016002755074479236,0.03484803298025463,0.019813389228654055,0.050842463292949835,0.03313367626448693,0.055188721714483746,0.03148416865115211,0.044244312231996874,0.09262259640202486,0.2511879997476011,0.07544973194512489,0.052000699864112376,0.15490840377727733,0.059023968211004696,0.01037536630414096,0.012590334216849158,0.007387407357447903,0.008196947465954785,0.015429903338767897
51,35,dB,calibration,13.717242604055555,3.483472791422426,2.029074031801885,2.5718560091294576,3.6130136582513934,6.3097069727258415,4.93494726554664,3.9911217577652636,3.30976375604358,2.8092978232007297,2.3333157096320534,1.947915026838409,2.203299245110685,1.6675257208088397,1.9638627127174644,1.273207852159409,3.674388879359661,1.6235168887631346,2.6151625054284366,3.75249673747458,4.370972613527343,-2.3509315707028478,0.736580004121997,3.0752100271025427,-2.673266569951373,-16.53624749301261,-15.130680447185725,-22.78184994267707,-15.154622699041283,-4.626723317761794
51,35,dB,uncertainty,5.712258883474916,5.3882106651979775,2.505680194081817,2.1329773483715995,2.4461361291558594,0.8485778629518551,0.45485868707108323,0.1717647176210352,0.13837538881590425,0.15005117267245852,0.20269040084116485,0.21647905600565806,0.41307001466952276,0.1670811883126283,0.7026929505830679,0.452360220193231,0.6501684794812064,0.6097512489301535,1.234115968814837,0.8715424221460714,1.1869901786164663,2.139220520379679,0.7143725891787955,0.7336868759750536,1.2099516249524134,1.6455287975326638,1.4217680192525592,0.7033178740948254,0.2580548933981226,0.27333209867228253
51,35,nd,calibration,4.851344664107466,1.4933913778045997,1.2631464376042698,1.3445990511761283,1.5158306454170707,2.067689625141473,1.7650107842406808,1.583274028808701,1.4638217231213868,1.3818626900975273,1.3081748199660919,1.2513988494367576,1.288738972871736,1.2116474873813952,1.2536985848363515,1.1578715755216762,1.526579562919136,1.205523954337206,1.3513197534152386,1.5403692377524683,1.6540499887508127,0.7628750676288758,1.088501420680622,1.424821636205778,0.7350834949288539,0.14900046554573337,0.1751725199771817,0.0725951326024902,0.17469032992454758,0.587034782018854
51,35,nd,uncertainty,3.4254833199207546,0.9869825423809009,0.3694638978671423,0.33351926326090686,0.4325562669022708,0.20232678311459862,0.09247152720064244,0.031311512443985334,0.023321211384288,0.02387325183117517,0.030529808150012494,0.03119193304268686,0.06131094558418437,0.023308606878852944,0.10153553401017912,0.06032909335289405,0.11437642902397649,0.08469755683582358,0.19264601544958715,0.15482018125967822,0.2267422051457253,0.1897913186111933,0.08962496090033634,0.12049617733892659,0.1027292280913008,0.02839707200138323,0.02880169574461186,0.005884632216846049,0.005190755160871405,0.01847616528323892
51,51,dB,calibration,14.557496846254525,1.730113993577242,0.041067940251041435,2.336858656090996,2.6359673930704774,6.249648981856552,4.750531243125799,3.9769831049559414,3.0556913392397647,2.44783033780449,2.06168491930044,1.9095323837084095,1.9856413494347436,1.9355374840598571,1.2669730572915014,2.0564321650784194,1.2269556778682684,2.3598166360598825,2.314225554967514,2.09109438653784,4.28160245287053,-6.932659979119329,-0.6281032150969352,0.4312212235477091,-4.236839993975053,-15.217216039507818,-15.834753432876226,-24.097273651147574,-17.42598777902309,-5.6920336865778225
51,51,dB,uncertainty,4.832630625406881,3.926116382333341,2.743788981060717,3.079422673762848,2.90968370219878,0.7035465205953101,0.2575287803696333,0.13108198446259695,0.12083177923599289,0.10749868030347529,0.14929811777959404,0.13862067295278033,0.24901961423629593,0.1646444079561658,0.38663782471760416,0.2346411751461672,0.2791112854554335,0.2284797455991676,0.3615315762075123,0.7702746271508167,0.630843200269223,1.1816525870565324,0.7917339572449533,0.7397777390904846,0.5973824558242963,0.6664709825996811,0.7787920052663329,0.8198746653898181,0.6518731550792848,0.34855911786266747
51,51,nd,calibration,5.344103275082231,1.2204098372925312,1.0047393165539948,1.3087085291112035,1.3545603831979005,2.0534420401417086,1.7279316603844839,1.5806989152083621,1.4216234117667728,1.3255359686640664,1.2678977932597868,1.245881161814395,1.2568460004793873,1.2496168544474098,1.1570407450922142,1.2671312693479826,1.151722321300724,1.3121721980450896,1.3053028244400384,1.2721980317321915,1.6371185242631903,0.4501601025110251,0.9302396340570832,1.05089919938976,0.6139853380138418,0.17343597975228514,0.16153339778174863,0.06239306456680514,0.13449328799965468,0.5192760776230637
51,51,nd,uncertainty,3.129131073236399,0.5706158851046184,0.322692393736681,0.4737596311211593,0.46229829634610575,0.16650824550118837,0.05123911895397659,0.023855819537171197,0.0197772288101159,0.016405573976064458,0.02179443709291773,0.019884228749871058,0.03603801059818912,0.023688390797117376,0.05152074048080113,0.03423452818065631,0.03701566979602866,0.03452028036700183,0.05434612682927342,0.11296791049873389,0.11900603473929605,0.06143011187910086,0.0849104294315095,0.08961339762803694,0.04226087493216951,0.013320858261566926,0.014502779662168036,0.005898128038386831,0.010103154973920704,0.020843805518195868
52,36,dB,calibration,14.60999994646021,5.053517535201629,1.4205584461876872,1.8428200107859674,3.6842993476070234,6.438413142066608,4.568381951554336,3.78645025175544,2.986735738945079,2.430015583915406,2.074236019800807,1.670216818133781,1.6455451371257013,2.01382343915904,3.1042242563751117,3.6793061513691683,2.3020601644665106,4.604389883682224,2.7144757207198182,4.7080014368637535,7.4831298708152545,-5.087992132406278,2.6386758326679,7.170753739647928,1.460759307747665,-10.679997690624319,-7.910860341035395,-11.121018722716983,-20.285059779056922,-6.591834520039981
52,36,dB,uncertainty,5.486763931815636,3.12801650513998,2.92621863447671,2.248090549539215,1.9890834287500356,0.8867681862120557,0.41257272801706946,0.15428628783220402,0.13866276085051624,0.14495277586081454,0.1848920200224253,0.2026056863900609,0.406600820834439,0.1557952134672772,0.7453766819139143,0.5015631301032988,0.5836181461951905,0.5663092786954752,0.95888001026215,1.0473818417911231,0.9619837572852283,2.062330678624131,0.6465541857658982,1.024141127798819,0.9307077703546693,1.6165501929611839,1.3677826306164886,0.6349154123212692,0.2185269374443651,0.25717315067558094
52,36,nd,calibration,5.376504298081791,1.7892699852296559,1.1776816883565948,1.2363487683787844,1.5283223610949017,2.098556455406899,1.6920730077432953,1.5464023912632578,1.4103820984125333,1.3228200813647217,1.2697312284442792,1.2120229430475087,1.208585158705994,1.2609305643965913,1.429589049361569,1.5274440376587528,1.303475906983516,1.6991021685888594,1.3668592182101644,1.7194916525796968,2.3667723858853518,0.5566733023799421,1.3549828289330523,2.2831670435742115,1.1831449800053895,0.29241531553074257,0.4022138145774322,0.27793872687982113,0.096771397098104,0.46817505911607893
52,36,nd,uncertainty,3.62668550721112,0.6583816141522381,0.404300916797336,0.3235776282970747,0.35305544074071726,0.21462021818137755,0.08040232405201164,0.027469981906548924,0.022516494075676574,0.022076649725939368,0.027030150161606703,0.02827401905555693,0.0565965297715294,0.022618003258856434,0.12283032834652052,0.08825065398763932,0.0876484466664037,0.11085786489589744,0.15120129708060437,0.20784652946568383,0.262662100947439,0.13341888902234658,0.1009544350670547,0.26982924192037894,0.1270187217732619,0.05473678413315408,0.06359942251588552,0.0203346786113347,0.0024349132791372033,0.01386382424912927
52,52,dB,calibration,14.516883830332665,2.862145358349975,0.40775546481569624,4.587595732270073,3.9215084504994637,6.363040503170449,4.905208734921693,4.129966902834205,3.2629089622621237,2.7162782734954902,2.3984600285273743,2.1668248642961316,1.833238203613,2.0461147789105283,1.9902061444888801,2.371237646687021,1.5910491755869458,2.4045027825009413,2.522107795837222,3.6050779653949974,3.7381344509163625,-5.70122543426325,-0.9085772347950112,3.710076934688338,-3.520592563160264,-15.276614033146913,-16.99390078528107,-14.896767090100823,-14.305770486906965,-4.795168172982628
52,52,dB,uncertainty,4.9793995909623705,3.958820974450746,2.2017763044546914,2.9892177861494247,2.6521150989233977,0.6470446278057215,0.2808233927859354,0.1388117496614681,0.10547367739271828,0.11175389102796124,0.14718969970493656,0.12284403056020202,0.22568347240005515,0.14603889467992953,0.394673393349063,0.26211105468305473,0.274194746591643,0.24201723847271328,0.2485782161438309,0.7351406976653314,0.5627700187808292,1.1458354688463295,0.6563628806622552,1.0684943810760517,0.5573779150021031,0.7360818634139199,0.7724149837651821,0.7520395259568939,0.4133192319310979,0.2743283455140192
52,52,nd,calibration,5.319173931283871,1.3902959828904695,1.0480639266429124,1.6958201316440973,1.5706355478704104,2.080424814158721,1.7589781178196,1.6087862476742965,1.4559466051501606,1.3671429072338326,1.318023037933432,1.2833385590147728,1.2349856467866758,1.265627022610778,1.2575066987486425,1.3138986981816287,1.201026137165206,1.3189403026423856,1.3369199061533723,1.5144463689074223,1.5378243120388682,0.5187268500531135,0.9006812839716305,1.5328647835504228,0.6667612803039956,0.17225399312528317,0.14135297740544386,0.17995405840117307,0.19262447837115643,0.5757601347895333
52,52,nd,uncertainty,3.2191380697008407,0.6558313803337271,0.268526892697963,0.5951989872602881,0.4870581949024443,0.15512205623250586,0.056879408307114354,0.025711579272151952,0.01768014825473818,0.01759034032358453,0.022336077044020075,0.018150787472527852,0.032091958588527425,0.021280431544302036,0.05715882391087257,0.039655079504602564,0.0379200944378445,0.03675473761554593,0.038266032088817736,0.12833006955103088,0.09970735156964705,0.06862867280911042,0.06812618833261253,0.18904124568657243,0.042815778086340794,0.014615066929535792,0.012586749848314635,0.015600211181796275,0.0091695214072465,0.018187381122237556
53,37,dB,calibration,14.751844182985796,3.0223369814291026,0.2151927040515771,1.7217055671477288,3.8585845563629153,6.31739152580144,4.862515151341498,3.9697431256914726,3.251038746761452,2.705934536223687,2.2544547394082954,1.9482164806153008,2.401185909475224,1.7633675232987969,1.6837750094661033,1.2596318731139178,3.769646306237931,1.343612765983977,3.586125343166735,3.8971044828223143,3.915076147510632,-2.5677892830285884,1.6374274421020374,2.6083327400572642,-4.940923953854686,-15.543160964679714,-16.77839807612206,-26.4489819840433,-14.902669703313876,-4.770789716134772
53,37,dB,uncertainty,6.9285983603896915,3.4874751808737936,2.7925661226173117,2.1613183833782923,2.747734795505811,0.8758819652778821,0.42414207649837554,0.15697310400020198,0.15224547701739813,0.15845567458154156,0.20305565301811124,0.2033033439757142,0.4266457243661688,0.1981115666103383,0.6740188158862199,0.4566906621473767,0.6097650902739303,0.5332190054633914,1.139457599331139,0.7906875264115696,1.0319703127256716,1.1729577699608376,0.8040196270539115,0.9183458071960965,1.0160386311049998,1.7236177199171998,1.5432151502954212,0.6482309221426638,0.29686191153265185,0.30667347895207486
53,37,nd,calibration,5.4650257066947034,1.4161747575031765,1.025084425585695,1.2192289840468298,1.5592983804622937,2.069519754484214,1.7503534607232252,1.5793818988061161,1.4539582542827534,1.3655157912176479,1.296351387861635,1.2514422814249144,1.3184367362250653,1.2250910755623325,1.213916320893257,1.1560632446801917,1.5434135734737162,1.1672950350273377,1.5111454476228072,1.566228866999473,1.5694728501760704,0.7440644167434668,1.2074561617929502,1.3502576204954075,0.5661790590364669,0.16704825824813094,0.14490390727184338,0.04759385693472821,0.17983180974122395,0.5773783754147332
53,37,nd,uncertainty,4.836609774821651,0.584010171011669,0.33527801233764637,0.3065223853773515,0.5015443207431072,0.20904348372548964,0.08550576359243223,0.02854445369721259,0.025486151903938215,0.0249123275445593,0.030308404303671654,0.029294135968158552,0.06478687174004683,0.027944835403539647,0.09429360459610292,0.06081202995777513,0.10843943057411143,0.07170421730653342,0.19880855978745904,0.14277279115135233,0.18690803011390766,0.10078543846109872,0.1119292895468047,0.14302679395534235,0.06638037433954586,0.03336684434661685,0.025880622413528856,0.003555243986746448,0.0061473966220391835,0.020389785387365522
53,53,dB,calibration,14.413035151211576,2.0348620658170455,0.4152394209528305,3.9269405593054474,3.1168661896027334,6.131651048207338,4.466407230514754,3.643667386170364,2.3961348859997926,1.513753017385504,0.5292972164395806,-0.1949161989529955,-0.4679973853846633,0.400802719927448,4.96772430972517,24.237110486609296,14.479627735629304,10.520357904552931,5.011754531532652,12.211158382073002,20.254114018070656,6.878938861556911,10.59015102325494,17.177773335750054,14.881382245297289,3.3245021030925983,4.921707718644967,4.714389735595844,-6.054314208139623,-12.190417197725218
53,53,dB,uncertainty,4.818934467965884,3.940613359452297,2.589467170521939,2.2165787024470185,2.9388525604335953,0.6469519190552863,0.2470473744763744,0.15989047637195508,0.10000179742867688,0.11525597781240851,0.1369548193046343,0.11048388450264054,0.2271153251802603,0.158884093012607,0.3819574690783239,1.2792987601015444,0.42973474443736787,0.2167219767878564,0.3105688875960012,0.6734119738382937,0.8567589075209037,1.1555855658562741,0.7277145052711796,1.0226122967187694,0.46990383727813634,0.6707770795316725,0.6661168039019121,0.6110738270340881,0.4722273031769138,0.25867568999938884
53,53,nd,calibration,5.255956443795926,1.2639884435887734,1.0489673510348496,1.5716181221366285,1.4316712687432434,2.0257346298695498,1.6723237652346397,1.521189676090648,1.3176702610275624,1.1903855623433433,1.0628325850051579,0.9778093596764242,0.9475456249935844,1.0472253245273173,1.7716838057786048,16.287541089095658,5.296407437870529,3.3575144869186246,1.7806875676901268,4.0790395771059975,10.296881171410464,2.207735001800987,3.38460156687817,7.225845422779446,5.547139813815411,1.4663076661436623,1.7623224997151508,1.7207567696004389,0.4980630108260881,0.24574185944781798
53,53,nd,uncertainty,3.067918376134913,0.5933211978855177,0.3173746938740886,0.40543336159835475,0.49369837409673234,0.15102252768114077,0.04757128150196621,0.02800374960755947,0.015170847326580028,0.015796088131487807,0.0167589138424179,0.012437999340421446,0.02477888446193499,0.019157130928874944,0.07793398369095994,2.40758838104675,0.2621468899811692,0.08378216962938856,0.06368305661734486,0.3165624775469076,1.0173116915873246,0.2945880768346675,0.28389793296457455,0.8526841640144465,0.30024488898273827,0.11334976020396637,0.1352842027672263,0.12115938443078988,0.02709162167564691,0.007319554429130598
54,38,dB,calibration,14.822077293529755,2.2639170185658735,0.7065610405428435,1.091943238873259,3.056812701494451,6.706377276317635,4.981577538646334,4.136970741028911,3.4115500744978107,2.9249325481900286,2.546742016569965,1.9734441533305471,1.761508168017464,1.7847638184003074,2.592013553754157,2.3000906834429244,1.8196920436226591,3.3079595937907555,1.758843289893946,2.7250385814289544,4.850999394705397,-6.812414721859028,0.37136635144871377,2.192602237891009,-3.294289807100661,-16.575046502989423,-16.01758686599699,-23.2800811356897,-16.404080149917945,-5.754907981841825
54,38,dB,uncertainty,6.591707879178844,3.3544794691933606,4.42056784551302,3.1512011026009943,3.115316013072153,0.8392230999139054,0.4920012977839893,0.20437606946518658,0.1365297651815557,0.15165221157013578,0.19093047629224785,0.21236311505544672,0.418027420574015,0.1616253413800055,0.726453169238666,0.4601619738430566,0.5971594315629959,0.6492340222910323,0.9974017458336837,1.0401308682853974,1.1102023638533978,1.7789101303845383,0.5564568607298229,0.9169538851579897,1.0176686424672758,1.6320231136043386,1.3633965334743912,0.6617838307174714,0.21394578041344944,0.25134953298841495
54,38,nd,calibration,5.509394418158399,1.2977643833168646,1.084745986720851,1.1339585030563397,1.421806957472413,2.164306998673171,1.7745117399527408,1.6100840102624843,1.481076543007205,1.4003823467744563,1.3407169526250657,1.2550823079608504,1.2248288530537275,1.228112610814488,1.3477231168821633,1.3031803839978446,1.2330611145332566,1.4635177015707848,1.22445312654864,1.3685224590113916,1.74803437892748,0.4564353411970066,1.043682298372314,1.2871528181569458,0.6843614056317696,0.14833637950986192,0.15816874062979405,0.06854818232743358,0.15128504281494345,0.5155307809074345
54,38,nd,uncertainty,4.594119106936581,0.5137470122499987,0.5762099977285475,0.4204792159401178,0.5209548628740004,0.2094389657362311,0.1005687456572435,0.03788823253196649,0.023281364142458183,0.024451366381195605,0.02947358906081965,0.030688824570586193,0.05897032385341938,0.022853798888115118,0.11284964291671451,0.06907232737630686,0.08484039121643394,0.10949373336081936,0.14091330265258073,0.16427182090572334,0.22403696868417222,0.09413493051339092,0.06690869312496178,0.1361349627951981,0.08036570412037769,0.02803574245831089,0.02492932233320612,0.005227787045034717,0.0037267419754470205,0.014920349185040704
54,54,dB,calibration,14.82524329247912,2.799443085550657,1.3649901311855928,4.767998462340885,3.1477633653724366,6.206330977619043,4.833324630004817,4.070622266825623,3.218782331080945,2.7185600558128797,2.2488362954186343,2.0661892334197987,1.925973576209067,1.7533903919861018,2.3716811105079074,1.9595234236871022,3.4732087144706227,2.6888481129030097,2.902717076269049,5.9326154829637545,5.247655812860039,-1.1781019519750586,3.602439226868256,6.417574017656271,-0.16642484229434018,-11.878514906272514,-8.413162595608796,-11.125482846876395,-24.038545533609366,-7.897369471505343
54,54,dB,uncertainty,4.679736032458124,4.155046774514508,2.1578883678571015,2.5069867848494773,3.113840259954402,0.6128748302878885,0.28487488114002996,0.11186347571204841,0.12712920730322202,0.11741584041058864,0.15737060933018887,0.12497173567130032,0.2315873653525914,0.13596542552671995,0.4125532900929034,0.24451230410132288,0.34896384253491713,0.17847452797077107,0.3184986046508304,0.5282260096860779,0.5978589647964007,1.3277433345095677,0.4930505023376476,0.7874251325349738,0.3948595289854874,0.5934999310417739,0.6647616245113459,0.6230457891950463,0.4808991271645135,0.23063567965651693
54,54,nd,calibration,5.511402953493719,1.3802957611415303,1.1701714732537702,1.7314100063793967,1.4367730336768127,2.0432266706081834,1.7444809510149892,1.5978319954253988,1.4485687654466568,1.3675021027136374,1.2955131176525907,1.2685554680897826,1.2482416765786537,1.2236846707202411,1.3139657818582238,1.2530724196334564,1.4916276861687052,1.362832260992431,1.3968052343035633,1.979843099078474,1.8297122286658414,0.8731621516817042,1.5139863560372107,2.0935276486916496,0.9810220250394811,0.25472657410786903,0.3796136936971647,0.27779591661529923,0.06281635370160427,0.4028390159655925
54,54,nd,uncertainty,3.115161749197708,0.6857611586699822,0.2937125446768643,0.5066999749709172,0.5261785098744864,0.14428937014181464,0.05722475453327902,0.02057866138258302,0.02120243079435513,0.018486453962328286,0.023473340262813447,0.01825248247723099,0.03328516302755491,0.019155850322413737,0.062432838870586815,0.03527929845591049,0.05994367787799837,0.028004956377219337,0.05123024117692565,0.12047693586588482,0.12604049570574538,0.13399381640005908,0.08598689493713607,0.19005021905550878,0.04461250907569447,0.017418811234638926,0.029081539429192588,0.019943615002128767,0.003479639559164749,0.010697806695212808
55,39,dB,calibration,15.948078628587286,3.6287378180009497,3.6018183984172913,1.2841923928750183,4.03056318528048,6.045419097750774,4.54806278422015,3.8419651827493695,3.050534436636603,2.4663780246968514,2.132743951975961,1.7695738358650672,1.9744196372238605,1.9204442064579226,1.7860043975362672,2.315748912299476,2.0386670439907064,2.3932630803508204,3.2736977890431547,4.65831028284186,4.834656038960695,-3.0841148298454044,0.6078604118662767,2.416041047947431,-2.2902648838167536,-15.061471175860333,-12.763009066011499,-16.595490486652736,-19.32390507400686,-5.66025869819304
55,39,dB,uncertainty,5.507418251684745,4.007561341010657,2.8999575571880807,2.507093714376566,1.9917274375008418,0.778788844615827,0.3963631931966088,0.16334576582972954,0.1255484765686093,0.14424261005914388,0.20429721496876124,0.20215203857059197,0.4094129629684875,0.1704030954564413,0.7152936929560699,0.47767189910628927,0.5977843359673211,0.5476211886476039,0.958601445547738,0.9307165374844161,0.9375799941273298,1.5063303659445562,0.5884499127722074,1.0645618419869207,1.1751822634687774,1.7555883084576833,1.5036245066097196,0.6961871484522938,0.268852254094854,0.31279703297048284
55,39,nd,calibration,6.271969408745796,1.51857725535195,1.5138781469471436,1.1593367948232607,1.590479805760936,2.005723001016629,1.6881193158944625,1.5563177086956361,1.4207796297349848,1.3283695177506092,1.2783129765465582,1.225966750419642,1.2552232700705552,1.247447308512087,1.2282880309215523,1.305531772433924,1.2645422731005147,1.317234673245474,1.4577561739936435,1.709682688116297,1.744748372738914,0.7011230715859927,1.0724894298451448,1.3206935364910666,0.7682220277180419,0.17657387226893678,0.23006446634927785,0.1479876506468866,0.10809478605682572,0.5211791882136184
55,39,nd,uncertainty,4.248717658631932,0.7257775588640483,0.5148810304737437,0.3392966832826187,0.36791125196197816,0.18007694246091988,0.07706068538120359,0.02926964345075178,0.020537093703953513,0.02206064102839911,0.03006944272392309,0.02853525225550857,0.059187373440751645,0.02447446692584765,0.10126539832283954,0.07183262192526141,0.0870976351927788,0.08310301284495702,0.1612092370861219,0.18354788872597638,0.1886991202090793,0.12220104973197282,0.07271439312576278,0.1622726725974365,0.10425619402315306,0.03593252923595497,0.04002594467707073,0.011874137533972595,0.0033463662138303388,0.018772808484359638
55,55,dB,calibration,14.978610973202233,2.74892160974008,1.4492769923378013,4.155239443535006,3.485900169866717,6.260505067470753,4.756985706690472,3.9135688733326504,2.9468172289634254,2.300687729358266,1.829501485697655,1.6525044541607627,2.0543031903171425,1.669306092135649,0.7328351297849878,1.607282636521532,1.0600649980432095,2.20913870166968,1.7798778702638813,1.3767589512826248,5.976281924438062,-6.3528942379373845,-0.24595859901376116,0.501369889649979,-3.2764062844042527,-16.31388261933285,-15.969593463438216,-25.025813291883836,-16.56521329713989,-5.310025736423633
55,55,dB,uncertainty,5.6354714549586,3.631530635578185,2.502230236520366,2.6453528239601463,3.3619511079774833,0.6314763982683606,0.27768777579717574,0.1757338316786113,0.09981103230921438,0.10686460896443672,0.13504606856473414,0.12467042080957459,0.2341669790514559,0.15699993973442483,0.411439924270367,0.24119435513833654,0.32898289498107325,0.2513295208164283,0.39574759390358555,0.6811966477148799,0.7829696061181537,1.1163514802405214,0.7228426708073147,1.058321275496247,0.6425274878851035,0.6776021462459412,0.8533564447405669,0.7406890784032261,0.6816401103551749,0.2764424681265223
55,55,nd,calibration,5.6095826174912355,1.3722905747004857,1.1815819543571386,1.6134740027154573,1.493808782672338,2.056010145471496,1.7292161594135746,1.5692005210589137,1.403915152604279,1.3032699643746553,1.2344544633764145,1.2095538905273413,1.2668207243123804,1.211895867643133,1.0880322203344712,1.2032728893453166,1.129804369166408,1.2896056734410821,1.2274219726182052,1.171758054722483,1.9898213951687527,0.48123287497437356,0.9720801392044336,1.0594207978903758,0.6857719002637651,0.1528642285881143,0.15904511219545076,0.05606726034932606,0.1485044046831827,0.5426236435244908
55,55,nd,uncertainty,3.9003134352337634,0.5906106689107571,0.34511775181023063,0.4990275046184145,0.5927374871995469,0.14960654004584606,0.05529243529582828,0.031750395803176956,0.016132982387473294,0.016034851302487718,0.019193766625958508,0.017361580280904954,0.03415695227940574,0.02190655728523927,0.051558025913352235,0.03341740917121694,0.04280220007089908,0.037320438017242163,0.05594330480924947,0.09199013274751888,0.1796109012180318,0.06202073837533059,0.0809902468643931,0.12940342313345654,0.05077537072718391,0.011937317741510897,0.01565074181723182,0.0047869312912638545,0.011666104135793776,0.017272789646462394
56,40,dB,calibration,16.07290408127908,3.4585032380786602,2.2622271235171345,2.485392173673142,3.741609635654318,6.309144255707974,4.659245339988978,3.974724830552347,3.1926686512269526,2.6505011424837974,2.379701068174228,1.937110907016148,1.7664875453372488,1.9271359705211708,1.9572765924779674,2.6619279151241386,1.3042704535278915,2.955873252505704,2.6695754800434486,3.893002065352917,5.393174973743257,-5.607613227847665,0.028719397484913145,2.5077048453093838,-2.9718728328440065,-15.727880971898493,-16.528671387636336,-25.283284417173846,-16.306979785082575,-5.0394506926066995
56,40,dB,uncertainty,5.560049993987055,4.529220389892563,2.535649341292091,2.2040553505678053,3.5486256589820853,0.8588131120061961,0.4274824480373656,0.16411329387775042,0.13374959052910465,0.14497227383950148,0.19459344884507382,0.20232688193931747,0.40598556457706064,0.16418273184702897,0.7276351367532871,0.4783847834568864,0.5863067251048447,0.5524169677226937,0.9502770654076076,1.04715187807985,0.944102017631466,2.077248704942941,0.7933220221436845,1.0520710098597412,0.9786260504423603,1.6330930713678247,1.3709322588013664,0.6678579300730731,0.23243967391848278,0.27376236234522994
56,40,nd,calibration,6.3627550462880285,1.489104451506641,1.2975119195656966,1.3312806164283664,1.5384397116172528,2.0675556738135765,1.7098667495234605,1.580287997266057,1.444220258114974,1.3568288118546474,1.315179568458603,1.2498432393108474,1.2255312144421207,1.2484087344364938,1.252748321789163,1.3586149705290484,1.16201978524796,1.405379656453828,1.3598117013174076,1.565489298825732,1.8606245574217148,0.5243476652926777,1.0033119151381418,1.3347048612851558,0.71024201263649,0.16353320615546352,0.14913048512053206,0.054429679761512965,0.15298576085247717,0.5597930024413194
56,40,nd,uncertainty,4.356864740530456,0.8121572693989308,0.3841823076163415,0.34145110108193555,0.646162064821222,0.2047618122132594,0.08418632614599131,0.029860119154398568,0.022239691030375264,0.022647270355427795,0.029466957094388513,0.029116160245686418,0.05730318808585522,0.023599121200872708,0.10506813636170098,0.07486502719597166,0.07849714185637446,0.08944150614191082,0.14906673613621202,0.18918947959741317,0.2026367358068778,0.12659760348951543,0.09176452474509217,0.16206058297493886,0.0801913031652382,0.030928461232690177,0.023635772081557607,0.004189222282383498,0.004094480388311242,0.017646508906355884
56,56,dB,calibration,14.493558811901707,3.324988042308186,1.0572661321601133,3.7793982659154293,3.2757962639458134,5.851856958234368,4.400669082736101,3.649286819776748,2.7062335928941152,2.150844401992998,1.7124562949139701,1.8199861515887363,2.3707351816391338,3.698539322663649,6.7880212301,6.729203120860198,7.3920718126112845,6.6060139684215,4.52343812576806,11.73564804064987,9.215178469093246,2.0268807910321627,6.684749860870603,10.236193215839684,2.8954311777441575,-5.042806509345567,-3.5117464634194278,-7.219601170478683,-18.726697543322217,-7.749980260822632
56,56,dB,uncertainty,4.870994058844437,3.4687334647030537,2.497664621532456,2.7459467269715807,2.374288239469426,0.7610133844862664,0.29721710715640265,0.13501368294819063,0.11071179476698018,0.10467438076315741,0.14009552833774747,0.1243076956506939,0.2270598285666794,0.15880705669152453,0.4494914563927066,0.3094632920770621,0.3806547090673714,0.19020388020381884,0.3423866556925578,0.49103026882658946,0.5890443425639325,1.174097017388854,0.5405276381269811,0.7574197631934784,0.3764091452388262,0.563859827152467,0.597180971654651,0.502194143206045,0.4121939227458482,0.19894009421529418
56,56,nd,calibration,5.3049090262364835,1.4663897022227372,1.1294403694364312,1.5451473923507328,1.4581084043846848,1.9615204845432626,1.659714751995095,1.5221741452152866,1.365562806969989,1.2809796193936398,1.217931364669206,1.2331028672208246,1.3138226934078228,1.5308300054152693,2.1847465464422386,2.1700021095420414,2.342090058487666,2.1394428921908517,1.6833402438593679,3.8617344106836353,2.8890757133808345,1.262827525594058,2.1589246899292185,3.2494485187018003,1.3956340573159152,0.5595767666889652,0.6674406858190545,0.4355318715196628,0.115788418683541,0.40973304095408275
56,56,nd,uncertainty,3.1333635765549595,0.60129695678415,0.3292697463872924,0.4966585707245367,0.40355615166163505,0.17207838768658001,0.056803840475457945,0.023661665304010038,0.017406162090015553,0.015437565932303943,0.0196449809108189,0.017648095349674375,0.034348851477561504,0.027990241887685507,0.11311026513378208,0.07732979641511051,0.10267376749241497,0.04685333102705025,0.06637230402361494,0.21842767294208554,0.19607645410160557,0.17122038283816887,0.13443779046794524,0.2837149665757772,0.060499716961894046,0.036351430976025445,0.0459247104608253,0.025195281406377223,0.0054968691069006426,0.009385274283671502
57,49,dB,calibration,15.827076856520991,5.453167444920547,2.836056125528434,3.1830104686700498,3.4925152712594274,5.986149823396257,4.783579087679641,3.9242579291594666,3.1991236713807893,2.6387908610202686,2.1313521474656625,1.7223083597525743,2.170710947300904,1.9038380213888715,2.1648539207812476,2.2701492443157534,1.5263482273752373,3.2747655266818683,2.800596764160005,4.141257028127647,5.47730341960559,-3.6747823042401464,2.723371361955259,4.642242406419335,-3.4922036915004355,-8.102701479074362,-9.423075410267977,-13.308410432359459,-22.554282117527137,-6.338766569387168
57,49,dB,uncertainty,9.909163595489394,6.931619487307582,6.593599904539481,3.1623449140423068,4.108270655548271,3.646618815744104,1.3263654520669523,0.2551842518582172,0.11556462847816923,0.127563557243718,0.13000024836600782,0.34600773322563033,0.34537319768455105,0.35772734608777734,0.6946054016292265,0.47965791863022306,0.42123101041316346,0.9389554161418263,0.6137539201567896,1.168008409471876,0.9051964303149042,1.9600015049783461,0.3870221135343322,0.4453078472824271,1.1084713005380853,2.3468263545200987,0.6312532395248012,0.31721493957213287,0.44214486660144425,0.34676850982924373
57,49,nd,calibration,6.18520136170704,1.8735201667662689,1.3861263079281627,1.4426152652595752,1.4949468883627248,1.9920832837284503,1.7345185722491485,1.5711328040713384,1.4452939461505179,1.3550007732635523,1.2781081593886234,1.2193136003323877,1.283912855508296,1.245064645140447,1.2830473855182667,1.2986958783324154,1.1921129653641562,1.4579353838238949,1.3804791071796936,1.6108787458279852,1.8787334635114366,0.6550295383231901,1.3682598021703987,1.7065228993182184,0.6689440811399449,0.3934276928303663,0.3379451588818928,0.21606254054422422,0.07452223890496673,0.4820162409741925
57,49,nd,uncertainty,8.689672610298032,1.6589569100547739,1.1562424051564422,0.5369055903327711,0.7337434914494252,0.8611275799999618,0.26589757529314495,0.04616522248259436,0.01923001473768271,0.019900659520395103,0.019129943899447333,0.04858495134975982,0.05106511413962589,0.05129233882132078,0.10271392847484306,0.07175389563981538,0.05783538892370044,0.1579117562111475,0.09762727205101329,0.21727141645993642,0.1961460354699892,0.14906731324193867,0.06098650396893446,0.08752828019776382,0.08560086599860123,0.1075976583942086,0.024582032109821073,0.007892513634010168,0.003795104293214842,0.019248743182416567
57,57,dB,calibration,-34.805283019017175,-61.54640504436685,-63.13024337518783,-58.042676829421794,-57.841147392095266,-33.909208331901695,-28.5637617998838,-23.253804844999053,-23.91708182628237,-23.575968740070927,-23.048770052329715,-24.378890673631815,-25.29969200230269,-23.694144497857316,-27.722795326627796,-24.19649501442956,-26.43560248264742,-19.280032487437182,-17.823966090145156,-15.666982689991606,-13.404442730310464,-26.318522165904348,-11.884039077265157,-5.340799870132173,-10.108419061098168,-16.892451835876187,-4.524181555879927,5.363912220692072,0.1180495486746338,-4.131879104551487
57,57,dB,uncertainty,8.49487273225588,7.905591843152957,5.304415344153175,4.136038323309274,5.139279267998709,2.216617636754584,2.6684712285867427,4.501363184491534,3.4845332844386196,3.5066823261726077,3.09771140271758,2.2048384807325547,2.0559485660802954,1.9928221894458076,1.708631590927341,1.4798961894788083,1.22902036069851,1.2902751514327782,1.2159204368746148,1.0198830629802236,1.0441651158443255,1.0333464045323768,1.020383159375819,1.0897249745756357,1.0533909514735527,1.1784809180277847,1.0498592510580285,0.9640489886363001,0.972545497573269,1.0014480141401967
57,57,nd,calibration,0.018185943984060617,0.0008369119090033581,0.000697409455471213,0.0012527550396725106,0.0012821612000298225,0.020162277296688888,0.03730885406843871,0.06875586619695603,0.06370094992366247,0.06625239202770512,0.07039819067996393,0.060402576815578486,0.054326959524372546,0.06535710022607916,0.041101742459887826,0.0616843864416143,0.04766722567350021,0.10864215601164151,0.128469991531083,0.16468379466152527,0.21368688266782296,0.04831409975927421,0.25456462112032896,0.5407045280098006,0.3123050788206806,0.14301362277904903,0.5940061236910819,1.8543666625851098,1.01368373343302,0.6214497888194714
57,57,nd,uncertainty,0.020760124120276228,0.0008713401083997071,0.00045287458835048186,0.0006193363469497288,0.0008036766872988089,0.005201394941332515,0.011643149484338939,0.037248450913821396,0.02624602219863921,0.027480076477709437,0.02564222764387803,0.015497867973588361,0.012979595176091926,0.015126919670834911,0.008137512681988462,0.010560667341324367,0.006767259986053525,0.016198039925706488,0.01804305502359302,0.019381367731052215,0.02575006085866967,0.005761419492684806,0.029974053839529086,0.06801446825788623,0.037968058939247706,0.019463336232393817,0.07197217821774954,0.2062394341646583,0.11373789138578067,0.07180950159508198
58,50,dB,calibration,16.022488349031676,3.5678972518498915,1.9998279288087764,2.6757750741024067,3.7201032562276897,6.167928908412559,4.688731175845284,3.6942352814014328,2.9559317559243965,2.399856941317829,1.8484820559382271,1.4771823977780585,1.8241508912941242,1.2483740227612827,1.7519724628804951,1.7746220255387968,1.2686741392820053,3.010010983048545,1.6950573027830416,3.12811366796884,3.889439553121079,-3.924960597030058,0.33835314726767507,2.989244539519582,-4.316353733847322,-14.809054243708594,-15.598756772319298,-24.182284281672658,-15.573522414227781,-4.163678110542314
58,50,dB,uncertainty,12.631609099098737,7.888593808931879,6.338389792458361,3.2338458911739107,2.6296157230496155,3.6488366850696323,1.3400853176701049,0.2559348621389252,0.10767597254135723,0.11743401580169849,0.14852377865144561,0.3520685050527795,0.3339757212944082,0.3570046667517173,0.6924916151296395,0.4535584088434768,0.42095121754464526,0.8864906046852107,0.5364224807105953,1.1562795518158637,0.8541737212926304,1.8902141598404036,0.3711931258784658,0.6682984580307175,1.107591832758066,2.294160174308779,0.6129398438181515,0.3955699073995372,0.38722831124037593,0.3613075987183868
58,50,nd,calibration,6.325930517964132,1.5079775033509502,1.2589004721899821,1.3607826196905464,1.5346352261467306,2.034213093676002,1.7156810672188159,1.5300716348142989,1.4053891223571244,1.3182350267310672,1.2371549661268968,1.1853841608695503,1.2336942613196236,1.15456583256615,1.2234849264720928,1.2266794824225427,1.1572673671195264,1.414166513240427,1.2154941280356704,1.4335263604603183,1.5648473460209305,0.6364319445515921,1.0397230146916079,1.4107895268533701,0.6083903450209125,0.1817804975591411,0.1659824464225973,0.06178538908298243,0.16646536190339947,0.6191788232506752
58,50,nd,uncertainty,12.80297462575401,1.5657543078902916,1.0023943087407914,0.5184192209764522,0.4717340220995778,0.8799051394837415,0.2657518353801783,0.04509098749773588,0.01742256956852395,0.017823200118887716,0.021155678053273563,0.04806078982435524,0.04744769739338128,0.047467959114071645,0.09764698045151587,0.06408366843923374,0.05610753178326455,0.14458195251530725,0.0751141163953849,0.19139746435116056,0.15413584564970106,0.1395954191709426,0.04444628420947383,0.10865426771351461,0.07779005521956667,0.04857295978052861,0.011722657971888858,0.0028147824755198544,0.007423701901721078,0.025763455987227513
58,58,dB,calibration,15.746213934138682,-2.491537695239022,0.5455817368248047,3.77765321655444,2.8076566960544955,5.993150399976198,4.801977041780717,3.868093462720317,3.081827018855492,2.5934069352900977,2.2730479075782313,2.123922999822767,1.88533944599466,2.0054342478181937,1.7998069718539966,2.567355810710481,1.5063298167608252,2.6506167759493593,2.3737150059674192,3.593747194504509,3.9189892305633762,-7.835796585573384,-1.5104076759245189,0.15051331692054504,-2.640894101978418,-17.213582309515793,-11.897739978713908,-16.511830204162308,-16.88289960280772,-6.00832081077926
58,58,dB,uncertainty,8.471230101630251,6.372143174088553,4.821245631975421,3.714643234672368,2.069837654617655,1.852018842590112,1.2733836544352555,1.1254677241232072,1.3642778046678694,1.114635759936907,0.8161265438014731,0.6377223161338923,0.5979108773391124,0.5321232026967104,0.38121557406667267,0.30421436858412115,0.5454067403819841,0.2625130427400837,0.6969166538879381,0.6232286848783394,0.5893267337165055,0.8142839500455342,0.6981411051723584,0.5460625495739785,0.6803965791714554,0.9394199248865377,0.4711180540810274,0.43673509956255013,0.3869300370674433,0.27082891038547424
58,58,nd,calibration,6.127886273671715,0.7506251564027809,1.0648270788603607,1.5448369937913997,1.3816016232133213,1.993689492603027,1.7381964239074335,1.561006362251037,1.4259074921748338,1.3479393345890112,1.2991293526685705,1.2770154452201135,1.242415818743406,1.2597132934627546,1.2302414306237437,1.3439025888065168,1.1893686606386527,1.3568468751583027,1.3142734972526515,1.5124720567902303,1.5701800732096425,0.40570482310629524,0.840387562226592,1.0174794951979171,0.7378282761734719,0.13782274152992025,0.2541633938860977,0.14941991664261478,0.14317098730557018,0.5007073418203933
58,58,nd,uncertainty,6.96998743957552,0.6014153699680372,0.6218710182246283,0.6809953946290856,0.3323589604089461,0.42832595715690125,0.25573984208792244,0.2028327110427932,0.22488686898252153,0.173452411473475,0.12224593622752977,0.09384336455106568,0.08559177881562674,0.07722203277845163,0.05401148203557138,0.04707843231002817,0.07473224718709082,0.041014132640358913,0.10556456560308147,0.10861581651704799,0.10661650823195634,0.038089712736071674,0.0676201352934892,0.06400881613237736,0.057855835224178476,0.014935257132544302,0.01379244827729785,0.007516146902174295,0.006379942819433479,0.015614750303897501
59,51,dB,calibration,15.899195242799374,4.652708271754142,1.9298190254660978,1.2144126545738283,3.4369237786498505,6.486153411432113,4.991067775713638,3.8335515513271474,3.110965670528387,2.6267623975585437,2.189265486130928,1.9066564627132863,1.5883438420390306,1.4561408997560221,2.249311538532737,1.7549748383085628,2.3670861686642013,2.5485883496468844,2.222328310178554,2.636951780404509,3.8342108887824295,-2.9708547731460513,0.6033970929337613,0.43528197959486903,-4.14119198949858,-13.300770866283443,-14.86883630272056,-21.848615814209218,-17.653577726357,-5.3536392781597755
59,51,dB,uncertainty,12.264813740337686,8.169063808880662,7.0470761782213325,3.3484913764255264,2.073908687046121,3.686242670586252,1.3328020700492904,0.27469187562466346,0.12105362981597953,0.12560429245409613,0.1437901766591743,0.34427234353490505,0.3412823827360154,0.35989302189795813,0.6945058970842922,0.45337299621732136,0.41806712562971593,0.8873163080413411,0.5402117300976761,1.3164783501678103,0.9244429021557364,1.9571095771837748,0.4013215760690882,0.4611152837055681,1.0897719860191155,2.2908186829186827,0.5651129386577134,0.30935654704212334,0.2870369060216525,0.25291089947381795
59,51,nd,calibration,6.2367704844293055,1.7085803746105839,1.2487944251090455,1.150060355174304,1.485409471936912,2.1101225108186505,1.7764516380130404,1.5548109034923645,1.4306990327020441,1.353125628884018,1.286658443400337,1.245468715556635,1.200652120168728,1.1825160526291223,1.2955840027959364,1.223907910895725,1.3132708617171454,1.3410019750319122,1.2915654398758287,1.3547139066366964,1.5549289321592183,0.710325263883689,1.0719384635190639,1.0513906220479747,0.6207838364413469,0.2162526592574051,0.18053365919837533,0.08082937287631267,0.13101502790399508,0.5399058536275274
59,51,nd,uncertainty,12.039053251630536,1.8545135791697145,1.1280475032731694,0.4544226873824201,0.3580471464824,0.922649473744695,0.27365769492902847,0.04917920182407054,0.019940032050126733,0.019567864406574542,0.021300903301924357,0.04937809816480243,0.04718766588137602,0.049010645520614515,0.10370265363282694,0.06391271551516076,0.06323444233939446,0.1372298802290597,0.0803796417364665,0.20611447903702962,0.16580435270461036,0.1614086132504346,0.04954531198836121,0.05584229864331802,0.07809091915351729,0.05769804337311395,0.011753994301448037,0.002879426697600475,0.004330355886820722,0.015722899599722562
59,59,dB,calibration,15.605931230260834,0.13234254713133364,-4.174787904909661,4.01287695898658,2.285795459068483,5.907070856810289,4.4262895305620376,3.64397322890337,2.9076271985993145,2.3698514255247005,1.9968765778633184,1.9876239230159172,1.960662787726129,1.785992311589034,1.3550810989688742,2.0634272883049647,1.5894613252183376,2.0174255113080903,2.941873047196232,3.3876094527334786,3.4321309117123917,-7.389546327568311,-1.1035633806134726,0.6088571176449733,-2.743549939802996,-16.660575798772896,-13.674349927103854,-20.805955407774775,-16.541441591162943,-5.003883161178528
59,59,dB,uncertainty,8.813159164275396,6.830654040272707,4.667891208860135,4.013493204972644,2.57724464264845,1.9320569741048403,1.2890771046080123,1.1054885103921677,1.2921810178630526,1.124430150768178,0.8228468981126024,0.6253541527231555,0.6091859392147464,0.5418028872329622,0.38437948775507474,0.28820620822116266,0.46791088388143204,0.22276541609233536,0.6031881890590152,0.7351369976226129,0.5003574270345181,0.8703521373393376,0.6113131379210259,0.5381895595378847,0.7067838199434355,1.0708951472363897,0.5899886593502504,0.48769835207967155,0.40625231609014295,0.23152247097735887
59,59,nd,calibration,6.029711892972488,1.0153531660379158,0.6183873612056949,1.5872445624410672,1.3010373756048321,1.9740290651851873,1.6646175785809794,1.5212432403216491,1.3975950697458128,1.3136890237642658,1.2584727870485153,1.2571329111102951,1.2532368011022341,1.228286321826155,1.1688372800079814,1.2681521560824203,1.2008066000109618,1.2614535856381932,1.4031162434739537,1.476999922883245,1.4845900502802785,0.4270932263512143,0.8806874974090867,1.072612505061453,0.7291594404819587,0.1468828903863031,0.20714883903771716,0.09113857410528832,0.14891139099831194,0.5620899780000388
59,59,nd,uncertainty,7.22322139495223,0.8833665826000875,0.34855729719455036,0.7597974975629063,0.3917284375425911,0.4427255708780271,0.247954598476124,0.1941379571665348,0.2086849780070471,0.17053875724057077,0.11939824926921705,0.09058745468912044,0.08796799413265921,0.07666695637702192,0.051741819069603734,0.04208623516254917,0.06471902115180117,0.0323558151861848,0.09751719180382856,0.1251563280497302,0.08556827132084854,0.0428676720400423,0.062033991979720704,0.06650306678308382,0.05939829190295853,0.01815530563222445,0.01408139778620715,0.005119969599087872,0.006967352668435484,0.014984287929941942
60,52,dB,calibration,16.053681959701716,4.6273959144528565,3.2260533193968097,4.078279513825335,3.9874288648747047,6.336573496203972,5.1206088418037865,4.032251245466135,3.336615227164266,2.858463263074249,2.3557726820052025,2.054240393534677,2.1163049128693032,1.595351186989589,2.3802031115993216,2.08677317771847,2.209329715038585,3.341619251518857,2.1569889521035037,3.2675811162160286,4.112850379685192,-2.122185888107211,1.308220543932329,2.2844052896646545,-4.489234351509005,-14.126413776801364,-17.929149739339415,-14.719365531177381,-12.612268076106886,-4.112709000790872
60,52,dB,uncertainty,11.274223511797468,8.101009822767228,6.507173580723115,4.048852098121191,1.838240038852959,3.6735678101972664,1.3180429262929514,0.28044468274940143,0.10796661318713843,0.13596453932337427,0.14860048115358507,0.3476994153888307,0.34239375341931017,0.3789435176411014,0.6961154931344783,0.45658635027884226,0.42084297763435113,0.8814537799693178,0.5295283529100796,1.2353680384912833,0.8639400296495339,2.0297730375542926,0.37561474600939,0.485456958228471,1.1073268342560583,2.308893121180045,0.6355624197275829,0.3366820279090951,0.33360746152179027,0.25093468143352704
60,52,nd,calibration,6.34868965713544,1.7036084899681672,1.4497818750583324,1.599241222271392,1.5826010270899722,2.0740951445341103,1.8031441287247165,1.59078893777347,1.4683539686072042,1.3897067378529546,1.3115614224962597,1.2668115655524614,1.2758959111101544,1.2016211375734465,1.3152555878837877,1.2715652737384047,1.2896340337637546,1.4692001451379952,1.2818861273627085,1.4567299718301738,1.6056190749606765,0.7832325099282288,1.1625483582866813,1.3008291623188668,0.5964008893848365,0.1966433712580913,0.12692363837565676,0.18366724998858464,0.23409201298155688,0.6228228678733693
60,52,nd,uncertainty,10.757411049525333,1.8294743328331682,1.1906149659445024,0.7727642512301437,0.33743995175787667,0.9035942033384808,0.2746699420377031,0.05137134301376178,0.018252279734556565,0.02175465736653226,0.02243963189422582,0.0507244859837116,0.05030825351438872,0.05244033960149819,0.10552174316455931,0.06687245495768912,0.062508945167697,0.14935211210422128,0.07819758576738522,0.20788555486196136,0.1599659942507491,0.18470108984792444,0.050289197485047454,0.07274158621686988,0.07623871473725108,0.052889741714638006,0.009295524302052556,0.007121083843278281,0.0089932116857432,0.01799580765136949
60,60,dB,calibration,14.75363752415979,-2.393600321581761,-0.570713336043181,4.256396178360401,3.5747645620683732,5.93367114697574,4.392331854005498,3.629127197158823,2.9166272394744936,2.3514767024554075,1.9726707499674063,2.0425774180906515,2.2722278364765955,1.8305790281257401,1.4209627817116868,1.900527907082278,2.3078798714141158,2.0131284486590246,3.571306919745183,3.5776059270679426,4.606709862672844,-6.2843036305981315,1.2373871648380614,3.4280436078662646,-2.1332009456621037,-14.991807178118457,-11.65536848036735,-15.657009669458205,-18.582080054303823,-6.020087738208957
60,60,dB,uncertainty,8.644475041589777,7.090875095719024,4.616407702902301,3.5384999498163534,3.0608103309558685,1.8845377591988288,1.28739241309343,1.1258804073223232,1.2478449457060934,1.0994939547686886,0.8121570017035574,0.6374626894363392,0.613960286659174,0.5206695025106062,0.4051296024845129,0.31141448549296974,0.43552421544808834,0.22666321197614764,0.52694847650141,0.6527477142378876,0.4206134512421151,1.1786246916444305,1.000453711324833,0.3426943461871124,0.7575438673646185,1.1218464656684077,0.6219405600808212,0.38020821481235434,0.36485104141288377,0.26413510615957997
60,60,nd,calibration,5.4661541653611225,0.7591366935083925,0.9364063135747589,1.6323745265297651,1.5091702244886875,1.980083739497742,1.658122424297041,1.5186453330747187,1.3990439635499963,1.3109128938899313,1.2549705587095732,1.2651116962459075,1.2990067022329823,1.2346076151694179,1.1777365117133076,1.2445902526176769,1.3043495526323847,1.2608296766647096,1.5085695799280767,1.509663991400395,1.6995560550620272,0.4850481119910109,1.1531063353863205,1.4838916136892102,0.7822398789559443,0.17799575340163368,0.2613554591386586,0.16487299095377278,0.11773239999747878,0.5000294840363423
60,60,nd,uncertainty,6.383686771942726,0.6909024014532347,0.5214482976135973,0.6835522115914756,0.5428898470469836,0.43298823178420087,0.24666195841063998,0.1974012003470299,0.20168359183617846,0.16638400501917028,0.11751461041694644,0.0929306830809844,0.09189649596633576,0.07405200922450739,0.0549522231073174,0.04463175218634685,0.06542955411534745,0.032905799257522794,0.09157682105057074,0.11355860723098543,0.08233302364573913,0.06602037708318709,0.13311037528130043,0.05856086454003451,0.06830993505717453,0.023053429600802755,0.01872997491130951,0.007219304954632494,0.00494680722228736,0.015208079238113348
61,53,dB,calibration,16.297611591293556,5.22533850853725,3.2700945260424055,3.2235749854520765,3.451012767737655,6.179205098759525,4.726661155560102,3.4304041622843613,2.284998163403827,1.375886202492616,0.35202239597219886,-0.772148019434411,-0.7688249543040584,1.241886411928597,6.896991693063633,16.27630167952465,15.200166670044041,9.955738174158299,6.077469218522722,11.748633710644526,20.823890314059042,6.378480718602717,10.824997647998913,13.159277230441432,15.825862510700034,5.923233877468512,6.0576053549840125,4.108610598393703,-5.030119284509297,-10.565254910160206
61,53,dB,uncertainty,12.959394518059172,8.505000117954308,6.785152033501435,2.8401746056058075,2.5024934854846586,3.6633576584286835,1.313126180797227,0.2581674451899272,0.11143621544849322,0.10349648706968853,0.13412392277687923,0.3441706892269904,0.3341012822770289,0.3663746899299083,0.8202586585875623,0.8113390438241613,0.4814590851613883,0.905985224949708,0.5492298980691435,1.3615684431661852,1.0430492029830805,1.8817619294864543,0.3759785115682856,0.5776811457176817,1.1830127722964117,2.3174347689455375,0.7626925522610517,0.7625977908754593,0.3153039554336633,0.2820779093376941
61,53,nd,calibration,6.529509822971849,1.8250170469407476,1.4571515624061033,1.449368269632457,1.4878208426783734,2.0368556635040225,1.723189571916756,1.4842949440411615,1.3009179561906639,1.1716403236561939,1.0413605466018991,0.9149399667606272,0.9152900733015747,1.153703793387787,2.212328349951757,6.513509996027882,5.754509793286947,3.146204216137872,2.0131376025677388,3.86751213930402,10.99498182261976,2.084126308897066,3.477361827702481,4.549502012949069,6.184336689379797,1.9777058304322912,2.0085389947314884,1.604835526835223,0.5603947213340553,0.2963038227129653
61,53,nd,uncertainty,13.78079688503134,2.086574896008475,1.2576345535579077,0.48241550531997046,0.43461131848477685,0.8847595250820861,0.2615039567180948,0.04412363886633319,0.016690673800976996,0.013960979483061187,0.01608089879362573,0.03626317394247708,0.035215160767242404,0.04867817099646876,0.20923359834570987,0.6093046905979516,0.31913599027469797,0.32876147817513957,0.1273804255739761,0.608743058832905,1.3235132552374518,0.4550576364808332,0.15056853101259682,0.30280139445370136,0.8449093888664798,0.5339434360540465,0.17659297048036027,0.14108133898286945,0.020347193952394094,0.00962428243349775
61,61,dB,calibration,14.594566549628595,-1.0879333432231753,0.0025960915259970463,4.938491613303896,4.272751352094038,6.315195302948673,4.955569255927223,3.91933512505814,3.188077833720783,2.7348578107361803,2.4136271833571215,2.0742279116980455,1.7216975108641535,1.98583731108112,2.1057026137917987,2.532533061189106,1.4517248431859358,2.9976949359259635,1.8010682680919388,3.0266010646647885,4.670938937417759,-8.46317771510035,-0.9080511045543957,1.1778410466863747,-3.868293780847239,-16.96772716386495,-14.349155792013313,-23.86248214354802,-16.411806719907624,-5.535827109941891
61,61,dB,uncertainty,8.560648120515241,5.9838634091110015,4.615205601571322,3.6389923183171686,4.195596280866064,1.889758109126464,1.2893979735338355,1.118472740265424,1.3710260031484292,1.0935484915971507,0.8387612282858766,0.581742584044912,0.585141642136843,0.5027026601374991,0.3891903217175684,0.27530667016887655,0.5907837837350923,0.30383441760420354,0.6752832526244362,0.5698917215838414,0.48995351632224704,0.8388062934782445,0.511813284473537,0.39821399180912026,0.6598661929312457,0.9353224226472467,0.4077707845067934,0.32565711832082683,0.32986665207084515,0.18481437102405526
61,61,nd,calibration,5.366959616694585,0.8822736988880616,1.000298930753286,1.7657311581823776,1.6354511164104453,2.0689965435984723,1.7692062413732668,1.5702426030689933,1.4434571353852337,1.3700704218415052,1.3203265582589205,1.2697300431763443,1.2192278531954959,1.2568743563991704,1.2743394582956478,1.338525511694619,1.1819149938160736,1.4121627347088073,1.2304200895315869,1.416870157720639,1.7121702508740735,0.37743408217040714,0.9007358425756101,1.1452282496369954,0.6405976054750235,0.1417795657398656,0.19166473384571844,0.0641026366011293,0.15115052640176066,0.5286991893467657
61,61,nd,uncertainty,6.188496058870501,0.6570467670450654,0.5568691635942659,0.7615925115909126,0.8210621730211022,0.4537039067012958,0.2635997743981894,0.20275771812294352,0.22879008347616048,0.17294711956341224,0.12769684119416946,0.08510451159841381,0.08219776676419199,0.0727832036100593,0.0571186805813394,0.042432810189650616,0.0804517153315415,0.049407851913482626,0.09575522824044091,0.09302927661356009,0.09663129619168376,0.03650592146662812,0.05310629249749865,0.052522620744298254,0.04871296360552757,0.015296767850359744,0.009001264558393465,0.002403941553706948,0.005741669102244232,0.011250267415194193
62,54,dB,calibration,16.517997730791855,4.40589233377148,2.1126642590192444,2.431693453833601,3.382427181104916,6.068043783135067,4.81751874450525,3.8431615466279965,3.0200972877461965,2.4132687036458904,2.0035613717007834,1.6398106755767543,2.010729686354466,2.2899452808956866,2.4668545029972293,2.2173059319246917,1.9757489480722725,3.2928894640850856,2.960536256837173,5.353099886035174,5.828594280411139,-3.696600576711674,2.677997253653878,3.478059056279953,-2.390818440144372,-7.573914064702315,-8.95713647063237,-11.380964159273809,-23.02873625618193,-6.44395141519972
62,54,dB,uncertainty,12.200839070987046,6.431691471298202,6.499995741614052,3.8596398542159203,2.531379888191318,3.697802217030863,1.3244672440773246,0.2886350217211609,0.11507683540629311,0.1185160295771585,0.14238437992276048,0.3501206977245021,0.3454921507928307,0.3814670087011699,0.6943450106948367,0.49577836608940157,0.44725029672849836,0.950919347919466,0.6463658103904893,1.2017435779066883,0.8244009211899571,1.9439693797826618,0.4004025919288964,0.44179945474737187,1.0981219183846147,2.357433289456329,0.6517286986829911,0.6736880507458317,0.40025970748850553,0.3472615989651496
62,54,nd,calibration,6.697302055733556,1.6607131199527883,1.2753612368045222,1.3230756377328625,1.4761189616694306,2.0109542445262854,1.7413093710273388,1.5565320851845326,1.4158096378787293,1.320272067523247,1.2594416997975544,1.207787508941569,1.260481524288817,1.3016591154007868,1.3284423895734425,1.2908188433355665,1.255415387362872,1.4609806811427037,1.4061343345668098,1.8520597533745684,1.956274139986228,0.6533862203840665,1.3611308039623922,1.492460867898127,0.7593798656627855,0.4181232301013472,0.3565686661835362,0.26974399920601455,0.0705607498158075,0.47621429645220253
62,54,nd,uncertainty,12.82114478716736,1.3452159527541432,1.046010801829731,0.6074582110029936,0.43630968796614056,0.8822099168234869,0.2665536050365337,0.0517336024554792,0.01875820046957033,0.018015225297166815,0.02064645814580135,0.04869805485647838,0.05015045485004277,0.05718465989968535,0.10630805808771393,0.07371813769554703,0.06467190806198553,0.16026587108712553,0.10473495226984386,0.25706158616096897,0.1859540880822781,0.14745675693005295,0.06276770357325279,0.07594532928449738,0.09626128200953532,0.11488102084497828,0.0267795421977729,0.020942651985408636,0.00325270328334714,0.019044105233947672
62,62,dB,calibration,15.179574249253294,-0.957024013425638,-2.9673570576288455,3.2302698409911725,3.5999857974291647,6.3212001719124835,4.623783345823057,3.7929199597557215,3.077760097453975,2.535142057926656,2.082510595862928,2.055333698655808,2.2609675111076513,1.7019881406422428,1.3712056088130922,1.4793709725002557,2.842171258417075,1.8350347524709036,3.8893292869361673,3.8520846504942625,6.067455083765523,-5.597432390365732,1.553691466067157,3.272797256356853,-3.3174615746491014,-16.935503571931598,-14.183032393480964,-19.980007994863513,-16.786917954791896,-4.577028835033616
62,62,dB,uncertainty,8.65549255186366,6.3931516836199265,4.659996722454229,3.664046137950455,2.630743298642583,1.9043090423426896,1.2675922017637005,1.1692520520503111,1.3234735151940031,1.077293001960435,0.8216905277575757,0.6356333548538653,0.6068947286171741,0.5146280601621214,0.41240981353200046,0.281688005714009,0.39103032139518795,0.22878423093397948,0.5143582916568847,0.6163155073588263,0.44078654194588346,1.0645933053590846,0.7519883521164206,0.32030710249676286,0.7437794036088874,0.9664445324826775,0.44643367871147605,0.48553786026237733,0.34615174349608296,0.2576469287608947
62,62,nd,calibration,5.74088321794288,0.8956715907753667,0.7106113619245916,1.4504858352569647,1.5135587735667169,2.0704274101230022,1.7029000855126468,1.5475546622804173,1.4252400077226046,1.3389276274676474,1.2709414088790172,1.266971030938297,1.297323770316396,1.2164644091530672,1.1710091280959936,1.1856828785355498,1.3871025269950832,1.235241111870342,1.5648274806232843,1.5581319482609,2.0108179536651716,0.5249626199319888,1.195871658045545,1.4576050450835836,0.6825381347322699,0.14230652752648057,0.19536572813406103,0.10023043155138074,0.1447618425583642,0.5904030036134764
62,62,nd,uncertainty,6.7157323986326904,0.720407415461192,0.3997986092490826,0.6301803828574828,0.46546085991668584,0.4575691889945207,0.24939910881717686,0.20895400457875324,0.21800584631121023,0.16649052310931,0.12041125434294908,0.09279970975616592,0.09071952082226342,0.07211616522164777,0.0556209151969721,0.038459064988556335,0.062467105004003876,0.032539714215447435,0.09271963191044796,0.11065152068569051,0.10208763994739323,0.06450369848495949,0.1036630011985833,0.053763873738640666,0.05851771856300386,0.01586657475286156,0.010045746622781668,0.005605760614912747,0.005770603969617871,0.01751551482441427
63,55,dB,calibration,16.716338175176105,5.1482997912658455,3.3652501471934633,2.4753647390363644,3.7308730926851723,6.500598353354118,5.00074549136734,3.8219880192399387,2.977341410290421,2.452641891598084,2.127131849723071,1.7721247894466785,1.2776186688491862,1.6118273919035175,2.0475256615630073,1.5868684949968355,2.2683673919034817,2.021548417690475,2.324616382097574,2.918767048269167,4.618969418240802,-4.172480927031046,-0.204018866762965,2.036082337923851,-4.085454447476707,-13.872000561124501,-15.974084942037102,-25.908958188507846,-16.826061956486413,-4.858472720388171
63,55,dB,uncertainty,12.052297948281513,7.811993668155294,5.892006777547417,3.4252758508153014,1.8487876436213546,3.668642933308299,1.3340185353302636,0.26017469824309136,0.10299661889750751,0.13302370094079943,0.13532361971507187,0.3423027717128368,0.328535552549454,0.38593578965124375,0.6973950542039652,0.4597117826797744,0.41927039211505257,0.8773631018285163,0.5340958308060426,1.3836088013094507,0.935020088347905,1.914867085580827,0.3573002216626234,0.4616027151895202,1.0675870116723305,2.288877965990335,0.5828306967138849,0.3223966084503963,0.3349778549336801,0.2510518197883213
63,55,nd,calibration,6.851992970663676,1.8089017943504646,1.473202704160392,1.3297446048842485,1.5365392362039931,2.1136346388331684,1.7784320425148612,1.5527423596781231,1.4088575072690912,1.326270453527216,1.2774873033796403,1.2263268567170966,1.158459708280197,1.2039026477341404,1.2658326200012688,1.2004481999950634,1.2984294868472872,1.2620524983332526,1.3068652771692635,1.3993886669121849,1.701956559081937,0.6185516271004593,0.9767851684993439,1.2641660325584942,0.6247802285251807,0.2024883175719365,0.15896289113526438,0.05064680931735534,0.14411092380453402,0.5715791312033581
63,55,nd,uncertainty,12.866101513103416,1.8552844122292833,1.077758974349119,0.5380814247574341,0.3295267837211332,0.9195127950731761,0.2742147824084924,0.04651736382141447,0.016706516710671693,0.020312519301666332,0.019903683660496885,0.048340902888755255,0.04382809050611425,0.05351000710187526,0.10174366032564275,0.06356491797449126,0.06269990700414207,0.1276970164321496,0.08040986729041122,0.2238579282662524,0.18356655533566146,0.13747144094568559,0.04019208258274698,0.06721443831765173,0.07698554391185819,0.05397877634599896,0.010674553494485373,0.0018803035422774936,0.005559123760546389,0.01652288567419946
63,63,dB,calibration,15.899956988760241,1.2666159636015035,-0.8062251866280473,2.420632961415798,4.352114699745767,6.24424375514641,4.84219041667928,3.645728582391463,2.9267703250965837,2.4849641433921548,2.0754058865181975,1.7036942219546916,1.363754675156116,1.5262053398699535,1.9124538351097797,1.7797295113242058,1.3550405215117038,2.5207211763828283,1.2441281210520927,2.3825646686754496,5.1391646355101415,-7.951343914597352,-0.6232026487808895,1.3865676417537074,-4.728753299153588,-17.194429299782854,-12.547722835663926,-23.486080976962597,-17.56797040978548,-6.150569943568648
63,63,dB,uncertainty,9.506140834813348,6.327285434748384,4.663624643721499,3.5398500860015853,3.7232034947526453,2.018529055562968,1.2590005982952979,1.1496807033897236,1.369419112109748,1.0909582627539793,0.8371607738940912,0.6178980622115156,0.5947503327770024,0.5043777649987954,0.3802180043834514,0.28644860890345203,0.6810494439370041,0.29892532448430575,0.6754948670200037,0.5410511136816993,0.5264004914792005,0.785404739702226,0.5396205087390958,0.41670876290168607,0.6086425321755368,0.903781105507111,0.4276387133501916,0.32676282618032154,0.2935579415752879,0.14467685003221162
63,63,nd,calibration,6.237317468474896,1.1569931778914635,0.9113574343632912,1.3213919236472451,1.6504627803583212,2.052164581252645,1.7462624716837731,1.5215507032970532,1.4006786736593526,1.3312150141239318,1.2699022548333865,1.2167033704016197,1.170005043256213,1.1920933546329973,1.2463002775983498,1.2274010078725288,1.1688318196192522,1.3367064966737137,1.1540015869582967,1.3156132338534556,1.8070003295937582,0.4003435208330506,0.9307646219920739,1.1730820301073008,0.5801794407109311,0.13812698587871636,0.2358380407343512,0.06694157884395124,0.13231268406010313,0.49257402097180136
63,63,nd,uncertainty,8.273069655057684,0.9193610358981841,0.5131776051789052,0.5535518122833415,0.7293353525561614,0.48121034149338726,0.25400416121108427,0.2019838938796078,0.2217472774681738,0.16764218664368769,0.12258491818251682,0.08662704031051005,0.0801765635083338,0.06926214489376459,0.0545732416803405,0.04048532272548677,0.0917405358298633,0.04601190211734074,0.08983629584625175,0.08200362288263496,0.10957867092147155,0.036249638205759716,0.057861986911500185,0.056300635052773496,0.040687937637004956,0.014398288424896287,0.011615876964835348,0.0025189336204899174,0.004472637302696217,0.008204957238732574
64,64,dB,calibration,17.686085013243616,0.06367042612001939,-1.831259950166638,6.265603313313605,4.538859935405865,8.922945945264864,7.798519486335039,6.534354786429041,5.845665191686109,5.416171872453987,4.963745239168958,4.648550268394516,4.49626991053043,4.41084805919327,4.803630190159339,4.354357901782286,5.009458748614946,5.056581010125697,4.748663282619773,5.877505157864292,8.65477109624328,-2.770320323234209,2.89294385811818,5.17777327868783,0.01577154482665577,-14.279588219119674,-9.876926103803136,-17.419330854099286,-16.760086702699333,-3.238176257121701
64,64,dB,uncertainty,9.83216067079346,7.0532673922269336,4.912499310083563,3.621313621775311,2.4445369067947373,2.163352002841736,1.2887585506331547,1.1274871193452158,1.2002971610585824,1.1275782134989756,0.8179666330535698,0.6274687695163039,0.6095951874636566,0.5287086013641281,0.36029359340857087,0.28311389905529216,0.6456840075276796,0.27791136593440985,0.6892150586266742,0.573473120290239,0.7691467020277742,0.948043956685133,0.578418720582545,0.32208259326672684,0.5758758897755125,0.9036571558716991,0.41558129395885274,0.3052278265726112,0.285901389916416,0.18051068704797285
64,64,nd,calibration,7.661331435139624,1.007357261329988,0.8099104498788278,2.0572172897563137,1.686331671757851,2.7934911335592147,2.4542905451399113,2.121864951700904,1.9601227061287443,1.865557303539171,1.7708723701448241,1.7077626595500475,1.6780832232426528,1.6616609084737572,1.7385272789133328,1.6508890809150807,1.7802169731909108,1.7899011641536529,1.7275600967119507,1.9673211362429732,2.7085605880850423,0.7269155911085085,1.395234456223277,1.8150502954425,1.0018174157022335,0.19320599099919056,0.3207404209203461,0.13459640408015452,0.1452097122657016,0.6887969052022623
64,64,nd,uncertainty,10.646803479974455,0.9109229284379371,0.4828768029687341,0.8827577055416609,0.48088744005650164,0.70297691128552,0.36549003698650195,0.27620654527134436,0.2717309381060852,0.24286230018573207,0.1670129955390265,0.12347612505679861,0.11786834422533976,0.10120748327450846,0.07213537230787215,0.05381975004231543,0.13245811561724397,0.057278963377573655,0.13722374133657067,0.12998387936471723,0.24016010025020185,0.07949871609181958,0.09298141847250341,0.06731953899587184,0.06646932861941168,0.02013692454035304,0.015351862213588835,0.004730778924979306,0.004780529952256682,0.014315649623503235
64,56,dB,calibration,16.928395253725903,4.288593963973676,2.197951857334637,2.010928220126642,3.6506775730872274,6.0322988102054005,4.729639834681933,3.5429172311006027,2.6456105794346385,2.01299125322074,1.684358911079805,1.6310167224541914,2.362471596439619,4.380120306477885,5.80267569934734,6.614022400963968,7.170670877406899,6.525102779311098,5.344951371346909,10.69409070026014,11.883153345161404,1.330799641278631,5.509919808810096,9.91787922138083,3.6855707926537917,-3.0212799645457764,-4.045405481440504,-7.485022157485325,-18.837739093361378,-7.420972825841538
64,56,dB,uncertainty,12.088051795680927,8.089219122905828,6.090732362076619,4.333592387395659,2.602875713734754,3.658424009968826,1.320809080931585,0.2728916484126394,0.11057552619407555,0.1167059865888577,0.1363821635996578,0.3455375133729252,0.3392251512472524,0.3995638988331976,0.7076734125464356,0.5327798601507601,0.4433157266252795,0.9057546373661471,0.5455624359634537,1.1947707541519068,0.9752570400201758,1.899315076442347,0.4349099051042565,0.4348852345344144,1.0704390368201182,2.3557184933657362,0.5969281405603754,0.39351864854739776,0.35767718002986837,0.2887585343246674
64,56,nd,calibration,7.021336102906694,1.6384368164158145,1.2879458167941238,1.2605103355012766,1.5224178897606984,2.002695585481279,1.723780612008655,1.5036468940973384,1.3560650686590354,1.2608097617543,1.2139979281382531,1.206565313828813,1.3125733426401471,1.6557928973588978,1.950445344391602,2.1414163785977607,2.2831452625657773,2.119605993936965,1.850323090808504,3.4253466952344382,3.9278750798979916,1.1655743511255707,1.8858015590263855,3.1325207831891912,1.528546094092383,0.7062134780132518,0.6276676214482101,0.4224242990740028,0.11431758607366292,0.4255507484768653
64,56,nd,uncertainty,13.24567789687819,1.7562256531719114,0.978990062108827,0.6553159397722942,0.4630774421912214,0.8686811473433277,0.26313593992498785,0.04724906775429316,0.01726382270707305,0.016941094202368445,0.019062465008211515,0.04801161077033589,0.05127524154880514,0.07619581363315397,0.15908627957302646,0.13143375368280563,0.1165791569924437,0.22143088983980586,0.11629558865000222,0.4726541605598449,0.4419514790355157,0.2569083183020334,0.09446315278782247,0.15690462675451733,0.188853459946574,0.19389037663076647,0.04316972462815871,0.019144695553551333,0.004708826669618291,0.014149851258491775
